"fishID","Species","Population","Waterway","Predation_Regime","Sex","First_turn_direction","Detour_socialmotivation","Detour_solve_time","Detour_solve_time_imputed","Solve_direction","Standard_length","Mid-body depth","Distance_moved","TimeinWhite","TimeinBlackThigmo","Standard_length_mm"
"Quintzel","G. affinis","BrushyCreek_HW","BrushyCreek","LP","M","Left",18.75,466.25,466.25,"Right",1.663,0.371,NA,NA,NA,16.63
"Quilt","G. affinis","BrushyCreek_HW","BrushyCreek","LP","M","Right",14.8333333333333,148.166666666667,148.166666666667,"Right",2.034,0.425,1474.07,111.639,130.685,20.34
"Potter","G. affinis","BrushyCreek_HW","BrushyCreek","LP","M","Left",29.8333333333333,NA,600,"n/a",2.152,0.51,1182.83,49.7373,180.983,21.52
"Qualify","G. affinis","BrushyCreek_HW","BrushyCreek","LP","M","Right",53.875,80.125,80.125,"Left",NA,NA,2310.51,257.33,136.648,NA
"Pete","G. affinis","BrushyCreek_HW","BrushyCreek","LP","M","Left",11.7916666666667,NA,600,"n/a",1.932,0.448,2248.53,103.195,176.74,19.32
"Percy","G. affinis","BrushyCreek_HW","BrushyCreek","LP","M","Right",8.83333333333333,138.166666666667,138.166666666667,"Left",1.859,0.434,2764.32,369.066,41.5319,18.59
"Percival","G. affinis","BrushyCreek_HW","BrushyCreek","LP","M","Left",32.8333333333333,78.1666666666667,78.1666666666667,"Right",2.039,0.502,1864.35,78.1471,310.668,20.39
"Pascal","G. affinis","BrushyCreek_HW","BrushyCreek","LP","M","Left",18.8333333333333,34.1666666666667,34.1666666666667,"Left",2.019,0.467,2894.93,37.7326,455.553,20.19
"Quin","G. affinis","BrushyCreek_HW","BrushyCreek","LP","F","Left",68.875,71.125,71.125,"Right",2.628,0.558,2401.13,223.438,230.08,26.28
"Quinnie","G. affinis","BrushyCreek_HW","BrushyCreek","LP","F","Left",32.875,250.125,250.125,"Right",NA,NA,4208.19,203.79,165.577,NA
"Queenie","G. affinis","BrushyCreek_HW","BrushyCreek","LP","F","Right",11.8333333333333,182.166666666667,182.166666666667,"Left",2.124,0.491,2126.69,195.789,200.95,21.24
"Paris","G. affinis","BrushyCreek_HW","BrushyCreek","LP","F","Left",30.7916666666667,NA,600,"n/a",3.149,0.719,2370.03,74.9415,224.465,31.49
"Queen","G. affinis","BrushyCreek_HW","BrushyCreek","LP","F","Left",56.7916666666667,46.2083333333333,46.2083333333333,"Left",2.958,0.797,2033.92,126.356,362.784,29.58
"Quala","G. affinis","BrushyCreek_HW","BrushyCreek","LP","F","Left",19.8333333333333,114.166666666667,114.166666666667,"Left",2.45,0.52,3073.16,233.842,235.923,24.5
"Pixie","G. affinis","BrushyCreek_HW","BrushyCreek","LP","F","Right",24.8333333333333,164.166666666667,164.166666666667,"Left",3.2,0.707,1782.21,216.275,219.796,32
"Penelope","G. affinis","BrushyCreek_HW","BrushyCreek","LP","F","Right",4.875,345.125,345.125,"Left",3.732,1.018,NA,NA,NA,37.32
"Paloma","G. affinis","BrushyCreek_HW","BrushyCreek","LP","F","Right",5.83333333333333,202.166666666667,202.166666666667,"Right",2.589,0.664,2425.91,190.786,276.296,25.89
"Paisley","G. affinis","BrushyCreek_HW","BrushyCreek","LP","F","Left",144.833333333333,90.1666666666667,90.1666666666667,"Left",4.273,1.02,749.554,38.411,111.872,42.73
"Milton","P. latipinna","BrushyCreek_HW","BrushyCreek","LP","M","Right",125.75,335.25,335.25,"Right",NA,NA,1035.41,233.015,66.166,NA
"Eva","G. affinis","BrushyCreek_HW","BrushyCreek","LP","F","Right",51.7083333333333,41.2916666666667,41.2916666666667,"Right",1.94,0.538,1216.38,437.749,90.4447,19.4
"Callen","G. affinis","BrushyCreek_HW","BrushyCreek","LP","M","Left",84.7083333333333,NA,600,"N/A",2.031,0.472,1347.51,0,0.033349,20.31
"Carl","G. affinis","BrushyCreek_HW","BrushyCreek","LP","M","Right",36.6666666666667,237.333333333333,237.333333333333,"Left",1.888,0.464,2244.16,0,0.033349,18.88
"Hidalgo","G. affinis","BrushyCreek_HW","BrushyCreek","LP","M","Left",10.75,25.25,25.25,"Left",1.269,0.303,1357.36,120.826,336.333,12.69
"Huerta","G. affinis","BrushyCreek_HW","BrushyCreek","LP","M","Right",10.7083333333333,13.2916666666667,13.2916666666667,"Right",1.726,0.421,2215.74,156.243,352.44,17.26
"Emma","G. affinis","BrushyCreek_HW","BrushyCreek","LP","F","Right",28.75,13.25,13.25,"Right",2.151,0.576,2008.04,72.8024,356.008,21.51
"Hugo","G. affinis","BrushyCreek_HW","BrushyCreek","LP","M","Left",23.75,559.25,559.25,"Right",1.667,0.424,1704.48,5.6361,0.03335,16.67
"Jared","G. affinis","BrushyCreek_HW","BrushyCreek","LP","M","Right",15.7083333333333,338.291666666667,338.291666666667,"Right",2.74,0.561,1638.16,0,0.033349,27.4
"Juwan","G. affinis","BrushyCreek_HW","BrushyCreek","LP","M","Left",10.75,53.25,53.25,"Left",NA,NA,1180.49,48.8575,183.891,NA
"Elizabeth","G. affinis","BrushyCreek_HW","BrushyCreek","LP","F","Right",103.75,NA,600,"N/A",2.758,0.78,1772.7,33.6495,262.86,27.58
"Cora","G. affinis","BrushyCreek_HW","BrushyCreek","LP","F","Right",22.7083333333333,52.2916666666667,52.2916666666667,"Right",1.843,0.458,2070.34,39.3526,409.301,18.43
"Caroline","G. affinis","BrushyCreek_HW","BrushyCreek","LP","F","Left",33.7083333333333,434.291666666667,434.291666666667,"Right",1.515,0.375,2218.64,160.412,311.953,15.15
"Ava","G. affinis","BrushyCreek_HW","BrushyCreek","LP","F","Left",32.7083333333333,176.291666666667,176.291666666667,"Right",3.634,1.077,1499.68,147.039,163.514,36.34
"Eden","G. affinis","BrushyCreek_HW","BrushyCreek","LP","F","Left",21.75,179.25,179.25,"Right",2.454,0.629,2129.93,99.2466,75.3354,24.54
"Callie","G. affinis","BrushyCreek_HW","BrushyCreek","LP","F","Left",25.75,NA,600,"N/A",2.145,0.557,2615.86,203.161,113.486,21.45
"Julia","G. affinis","BrushyCreek_HW","BrushyCreek","LP","F","Right",40.7083333333333,164.291666666667,164.291666666667,"Left",3.133,0.726,1854.4,124.662,216.54,31.33
"Harper","G. affinis","BrushyCreek_HW","BrushyCreek","LP","F","Right",149.791666666667,NA,600,"N/A",3.046,0.807,1676.85,159.912,325.193,30.46
"Hannah","G. affinis","BrushyCreek_HW","BrushyCreek","LP","F","Left",17.7916666666667,137.208333333333,137.208333333333,"Right",2.576,0.644,2170.51,52.3925,164.581,25.76
"Abigail","G. affinis","BrushyCreek_HW","BrushyCreek","LP","F","Right",32.75,372.25,372.25,"Right",2.603,0.675,2304.38,115.957,146.172,26.03
"Eloise","G. affinis","BrushyCreek_HW","BrushyCreek","LP","F","Left",19.75,25.25,25.25,"Left",2.712,0.652,2208.22,166.282,254.392,27.12
"Josephine","G. affinis","BrushyCreek_HW","BrushyCreek","LP","F","Left",35.75,26.25,26.25,"Right",2.439,0.573,1754.43,75.4039,122.827,24.39
"Alan","G. affinis","BrushyCreek_HW","BrushyCreek","LP","M","Right",21.7083333333333,73.2916666666667,73.2916666666667,"Left",1.82,0.471,2123.01,166.646,178.051,18.2
"Adam","G. affinis","BrushyCreek_HW","BrushyCreek","LP","M","Left",67.6666666666667,161.333333333333,161.333333333333,"Left",2.508,0.611,2044.55,153.442,247.488,25.08
"Natalie","G. affinis","BrushyCreek_HW","BrushyCreek","LP","F","Left",30.8333333333333,73.1666666666667,73.1666666666667,"Right",NA,NA,1787.61,104.218,100.249,NA
"Odessa","G. affinis","BrushyCreek_HW","BrushyCreek","LP","F","Right",179.708333333333,59.2916666666666,59.2916666666666,"Right",NA,NA,NA,NA,NA,NA
"Oliver","G. affinis","BrushyCreek_HW","BrushyCreek","LP","M","Left",177.625,333.375,333.375,"Left",NA,NA,NA,NA,NA,NA
"Oakley","G. affinis","BrushyCreek_HW","BrushyCreek","LP","M","Right",10.7083333333333,515.291666666667,515.291666666667,"Right",NA,NA,NA,NA,NA,NA
"Otto","G. affinis","BrushyCreek_HW","BrushyCreek","LP","M","Right",155.708333333333,NA,600,"N/A",NA,NA,NA,NA,NA,NA
"Nevin","G. affinis","BrushyCreek_HW","BrushyCreek","LP","M","Left",30.875,327.125,327.125,"Left",2.183,0.468,1999.35,120.826,243.687,21.83
"Nadia","G. affinis","BrushyCreek_HW","BrushyCreek","LP","F","Right",53.875,179.125,179.125,"Left",NA,NA,1490.62,87.643,188.392,NA
"Nico","G. affinis","BrushyCreek_HW","BrushyCreek","LP","M","Left",32.875,292.125,292.125,"Right",NA,NA,412.316,0,0,NA
"Neil","G. affinis","BrushyCreek_HW","BrushyCreek","LP","M","Left",82.7916666666667,217.208333333333,217.208333333333,"Right",2.194,0.536,1328.89,92.0118,159.445,21.94
"Nan","G. affinis","BrushyCreek_HW","BrushyCreek","LP","F","Left",56.7916666666667,NA,600,"N/A",NA,NA,1827.28,72.7357,36.051,NA
"Nora","G. affinis","BrushyCreek_HW","BrushyCreek","LP","F","Right",50.75,291.25,291.25,"Right",3.394,NA,1525.43,83.2411,284.174,33.94
"Karaoke","P. latipinna","BrushyCreek_HW","BrushyCreek","LP","M","Left",97.75,NA,600,"N/A",NA,NA,1109.59,220.542,234.448,NA
"Katz","P. latipinna","BrushyCreek_HW","BrushyCreek","LP","M","Right",151.75,241.25,241.25,"Left",2.032,1.199,1071.57,55.7605,399.628,20.32
"Gillian","P. latipinna","BrushyCreek_HW","BrushyCreek","LP","F","Left",86.7083333333333,18.2916666666667,18.2916666666667,"Left",2.218,0.705,1623.55,0,0.03335,22.18
"Knetman","P. latipinna","BrushyCreek_HW","BrushyCreek","LP","M","Right",49.6666666666667,277.333333333333,277.333333333333,"Right",NA,NA,NA,NA,NA,NA
"Ishmael","P. latipinna","BrushyCreek_HW","BrushyCreek","LP","M","Right",86.7916666666667,NA,600,"N/A",4.109,1.223,329.365,43.288,83.9081,41.09
"Guillermo","P. latipinna","BrushyCreek_HW","BrushyCreek","LP","M","Right",30.6666666666667,44.3333333333333,44.3333333333333,"Left",2.546,0.773,1239.87,0,0.833745,25.46
"Greg","P. latipinna","BrushyCreek_HW","BrushyCreek","LP","M","Left",153.708333333333,381.291666666667,381.291666666667,"Left",2.197,0.606,1297.27,62.1972,0.133399,21.97
"Kathy","P. latipinna","BrushyCreek_HW","BrushyCreek","LP","F","Right",84.75,125.25,125.25,"Right",2.863,0.815,3500.46,61.5974,327.564,28.63
"Isabella","P. latipinna","BrushyCreek_HW","BrushyCreek","LP","F","Right",181.791666666667,274.208333333333,274.208333333333,"Right",2.444,0.706,1491.89,116.058,108.32,24.44
"Ida","P. latipinna","BrushyCreek_HW","BrushyCreek","LP","F","Left",32.75,228.25,228.25,"Left",3.449,0.957,1948.63,163.547,176.453,34.49
"Gisel","P. latipinna","BrushyCreek_HW","BrushyCreek","LP","F","Right",98.7083333333333,177.291666666667,177.291666666667,"Right",2.079,0.602,NA,NA,NA,20.79
"Alvin","P. latipinna","BrushyCreek_HW","BrushyCreek","LP","M","Left",184.666666666667,70.3333333333333,70.3333333333333,"Left",2.672,0.843,1235.7,68.5334,309.551,26.72
"Isaiah","P. latipinna","BrushyCreek_HW","BrushyCreek","LP","M","N/A",NA,NA,NA,"N/A",4.28,1.319,1019.02,42.221,107.787,42.8
"Doofus","P. latipinna","BrushyCreek_HW","BrushyCreek","LP","M","Left",285.791666666667,147.208333333333,147.208333333333,"Left",2.512,0.727,1220.8,0,0.033349,25.12
"Garcia","P. latipinna","BrushyCreek_HW","BrushyCreek","LP","M","Left",7.75,28.25,28.25,"Left",2.197,0.622,1623.85,0,0.03335,21.97
"David","P. latipinna","BrushyCreek_HW","BrushyCreek","LP","M","Right",116.75,356.25,356.25,"Left",2.439,0.672,870.999,0,0.03335,24.39
"Anthony","P. latipinna","BrushyCreek_HW","BrushyCreek","LP","M","Right",68.75,73.25,73.25,"Left",3.449,0.964,1072.47,60.8628,285.005,34.49
"Aaron","P. latipinna","BrushyCreek_HW","BrushyCreek","LP","M","Left",249.708333333333,35.2916666666667,35.2916666666667,"Right",3.43,1.015,2335.48,3.13475,0.033348,34.3
"Dewey","P. latipinna","BrushyCreek_HW","BrushyCreek","LP","M",NA,1,5.20833333333333,5.20833333333333,NA,2.387,0.636,1762.35,0,0.033349,23.87
"Fara","P. latipinna","BrushyCreek_HW","BrushyCreek","LP","F","Left",68.75,40.25,40.25,"Right",2.281,0.682,1432.73,35.3174,119.959,22.81
"Deacon","P. latipinna","BrushyCreek_HW","BrushyCreek","LP","M","Right",55.7916666666667,117.208333333333,117.208333333333,"Right",2.504,0.784,2456.17,13.9395,0.033348,25.04
"Ivy","P. latipinna","BrushyCreek_HW","BrushyCreek","LP","F","Left",50.6666666666667,74.3333333333333,74.3333333333333,"Left",4.101,1.095,1573.59,105.819,288.843,41.01
"Kay","P. latipinna","BrushyCreek_HW","BrushyCreek","LP","F","Left",86.75,445.25,445.25,"Right",3.079,0.868,2595.53,151.475,307.118,30.79
"Fealty","P. latipinna","BrushyCreek_HW","BrushyCreek","LP","M","Right",233.666666666667,253.333333333333,253.333333333333,"Left",2.076,0.939,1059.36,0,0.03335,20.76
"Florence","P. latipinna","BrushyCreek_HW","BrushyCreek","LP","F","Right",NA,60,60,"Right",2.015,0.546,2003.53,0,0.03335,20.15
"Fauci","P. latipinna","BrushyCreek_HW","BrushyCreek","LP","M","Right",45.75,207.25,207.25,"Right",2.62,0.809,923.33,37.0515,205.334,26.2
"Demeter","P. latipinna","BrushyCreek_HW","BrushyCreek","LP","F","Left",33.7083333333333,200.291666666667,200.291666666667,"Left",2.32,0.712,938.238,111.822,82.7073,23.2
"Macy","P. latipinna","BrushyCreek_HW","BrushyCreek","LP","F","N/A",NA,NA,NA,"N/A",6.037,1.854,187.988,0,114.123,60.37
"Adrianna","P. latipinna","BrushyCreek_HW","BrushyCreek","LP","F","N/A",NA,NA,NA,"N/A",3.473,0.964,NA,NA,NA,34.73
"Alice","P. latipinna","BrushyCreek_HW","BrushyCreek","LP","F","Left",400.708333333333,NA,NA,"N/A",4.007,1.093,895.567,22.1108,161.012,40.07
"Faith","P. latipinna","BrushyCreek_HW","BrushyCreek","LP","F","Right",259.666666666667,160.333333333333,160.333333333333,"Left",2.477,0.682,568.36,59.7958,214.671,24.77
"Maria","P. latipinna","BrushyCreek_HW","BrushyCreek","LP","F","Left",197.791666666667,NA,600,"Left",3.992,1.1,355.277,8.43745,104.184,39.92
"Meera","P. latipinna","BrushyCreek_HW","BrushyCreek","LP","F","Left",8.875,356.125,356.125,"Right",3.628,1.223,840.328,51.4254,303.65,36.28
"Melba","P. latipinna","BrushyCreek_HW","BrushyCreek","LP","F","Left",331.791666666667,226.208333333333,226.208333333333,"Right",3.598,0.957,1692.03,50.6582,70.3679,35.98
"Milhouse","P. latipinna","BrushyCreek_HW","BrushyCreek","LP","M","Right",203.833333333333,163.166666666667,163.166666666667,"Left",NA,NA,2058.1,112.555,39.7194,NA
"Mitchell","P. latipinna","BrushyCreek_HW","BrushyCreek","LP","M","Left",521.833333333333,68.1666666666667,68.1666666666667,"Left",NA,NA,388.248,16.7749,216.607,NA
"Pam","G. affinis","BrushyCreek_LakePark","BrushyCreek","HP","F","Right",8.70833333333333,508.291666666667,508.291666666667,"Left",3.616,0.814,2056.73,82.9738,350.538,36.16
"Preston","G. affinis","BrushyCreek_LakePark","BrushyCreek","HP","M","Right",12.7083333333333,587.291666666667,587.291666666667,"Right",2.534,0.624,1656.57,179.388,231.58,25.34
"Patrick","G. affinis","BrushyCreek_LakePark","BrushyCreek","HP","M","Right",14.7916666666667,44.2083333333333,44.2083333333333,"Left",NA,NA,NA,NA,NA,NA
"Paula","G. affinis","BrushyCreek_LakePark","BrushyCreek","HP","F","Left",137.791666666667,NA,600,"N/A",3.061,0.716,NA,NA,NA,30.61
"Paul","G. affinis","BrushyCreek_LakePark","BrushyCreek","HP","M","Right",7.79166666666667,NA,600,"Left",2.081,0.447,1336.59,269.599,171.251,20.81
"Penny","G. affinis","BrushyCreek_LakePark","BrushyCreek","HP","F","Right",9.75,327.25,327.25,"Left",3.692,0.844,1141.58,19.7759,209.364,36.92
"Qiana","G. affinis","BrushyCreek_LakePark","BrushyCreek","HP","F","Right",7.70833333333333,511.291666666667,511.291666666667,"Left",2.883,0.61,2153.49,148.306,343.769,28.83
"Quanah","G. affinis","BrushyCreek_LakePark","BrushyCreek","HP","F","Right",23.7916666666667,263.208333333333,263.208333333333,"Left",3.663,0.902,2118.67,184.123,67.2659,36.63
"Quinta","G. affinis","BrushyCreek_LakePark","BrushyCreek","HP","F","Left",20.7916666666667,140.208333333333,140.208333333333,"Left",2.959,0.605,1778.94,166.548,269.599,29.59
"Quetzalli","G. affinis","BrushyCreek_LakePark","BrushyCreek","HP","F","Right",4.75,28.25,28.25,"Right",NA,NA,1233.47,46.1892,128.963,NA
"Quincy","G. affinis","BrushyCreek_LakePark","BrushyCreek","HP","M","Left",8.79166666666667,120.208333333333,120.208333333333,"Right",2.329,0.473,1143.67,249.889,197.63,23.29
"Queen","G. affinis","BrushyCreek_LakePark","BrushyCreek","HP","F","Left",13.75,NA,600,"N/A",2.775,0.693,1995.03,102.951,291.31,27.75
"Uma","G. affinis","BrushyCreek_LakePark","BrushyCreek","HP","F","Left",5.83333333333333,73.1666666666667,73.1666666666667,"Left",3.296,0.773,2906.43,77.5716,407.768,32.96
"Umika","G. affinis","BrushyCreek_LakePark","BrushyCreek","HP","F","Left",58.6666666666667,35.3333333333333,35.3333333333333,"Left",2.774,0.691,3577.62,225.443,188.625,27.74
"Urania","G. affinis","BrushyCreek_LakePark","BrushyCreek","HP","F","Left",10.875,60.125,60.125,"Left",2.227,0.681,2072.55,39.3859,235.648,22.27
"Uri","G. affinis","BrushyCreek_LakePark","BrushyCreek","HP","M","Left",14.8333333333333,72.1666666666667,72.1666666666667,"Left",2.2,0.528,2048.68,168.116,136.968,22
"Una","G. affinis","BrushyCreek_LakePark","BrushyCreek","HP","F","Right",24.6666666666667,106.333333333333,106.333333333333,"Left",2.684,0.756,3011.61,94.9466,141.603,26.84
"Ulysses","G. affinis","BrushyCreek_LakePark","BrushyCreek","HP","M","Right",127.75,41.25,41.25,"Left",1.942,0.414,1528.15,119.059,237.451,19.42
"Brielle","G. affinis","BrushyCreek_LakePark","BrushyCreek","HP","F","Right",79.75,112.25,112.25,"Right",NA,NA,3240.22,297.647,73.3696,NA
"Benjamin","G. affinis","BrushyCreek_LakePark","BrushyCreek","HP","M","Right",95.7916666666667,NA,600,"n/a",NA,NA,1461.72,213.265,224.27,NA
"Blake","G. affinis","BrushyCreek_LakePark","BrushyCreek","HP","M","Left",5.83333333333333,104.166666666667,104.166666666667,"Right",NA,NA,844.596,11.4389,256.659,NA
"Clara","G. affinis","BrushyCreek_LakePark","BrushyCreek","HP","F","Right",4.79166666666667,NA,600,"n/a",3.767,0.954,1731.09,73.8031,158.311,37.67
"Clemen","G. affinis","BrushyCreek_LakePark","BrushyCreek","HP","F","Left",28.8333333333333,232.166666666667,232.166666666667,"Right",3.659,0.785,1370.98,83.6744,314.288,36.59
"Carlisle","G. affinis","BrushyCreek_LakePark","BrushyCreek","HP","M","Right",4.83333333333333,43.1666666666667,43.1666666666667,"Left",2.646,0.515,NA,NA,NA,26.46
"Carrie","G. affinis","BrushyCreek_LakePark","BrushyCreek","HP","F","Left",5.83333333333333,124.166666666667,124.166666666667,"Left",3.014,0.75,1775.17,6.73662,367.846,30.14
"Catrina","G. affinis","BrushyCreek_LakePark","BrushyCreek","HP","F","Left",34.8333333333333,222.166666666667,222.166666666667,"Right",4.349,1.095,833.336,51.1921,143.705,43.49
"Eliza","G. affinis","BrushyCreek_LakePark","BrushyCreek","HP","F","Right",12.7916666666667,179.208333333333,179.208333333333,"Right",3.799,0.758,1937.62,59.7808,127.684,37.99
"Eva","G. affinis","BrushyCreek_LakePark","BrushyCreek","HP","F","Right",16.7916666666667,73.2083333333333,73.2083333333333,"Left",2.434,0.489,353.201,136.808,113.76,24.34
"Estella","G. affinis","BrushyCreek_LakePark","BrushyCreek","HP","F","Left",54.375,406.625,406.625,"Right",3.72,0.854,1600.92,53.0586,93.7528,37.2
"Emma","G. affinis","BrushyCreek_LakePark","BrushyCreek","HP","F","Right",6.70833333333333,NA,600,"n/a",3.002,0.682,2637.71,102.436,387.335,30.02
"Elizabeth","G. affinis","BrushyCreek_LakePark","BrushyCreek","HP","F","Left",12.7916666666667,205.208333333333,205.208333333333,"Right",2.817,0.753,2003.6,107.918,306.467,28.17
"Steve","G. affinis","BrushyCreek_LakePark","BrushyCreek","HP","M","Left",21.875,NA,600,"n/a",2.028,0.429,1864.75,144.482,359.785,20.28
"Stoic","G. affinis","BrushyCreek_LakePark","BrushyCreek","HP","M","Left",5.875,367.125,367.125,"Right",NA,NA,2143.35,152.173,288.38,NA
"Santy","G. affinis","BrushyCreek_LakePark","BrushyCreek","HP","M","Right",8.83333333333333,238.166666666667,238.166666666667,"Left",2.291,0.524,1186.6,64.3422,262.17,22.91
"Slaton","G. affinis","BrushyCreek_LakePark","BrushyCreek","HP","M","Left",41.875,363.125,363.125,"Right",2.308,0.562,1574.33,195.508,253.169,23.08
"Tate","P. latipinna","BrushyCreek_LakePark","BrushyCreek","HP","M","Right",77.7916666666667,16.2083333333333,16.2083333333333,"Left",4.515,1.236,1956.44,74.3363,182.089,45.15
"Taliah","P. latipinna","BrushyCreek_LakePark","BrushyCreek","HP","F","Right",136.791666666667,78.2083333333333,78.2083333333333,"Left",NA,NA,NA,NA,NA,NA
"Tessa","P. latipinna","BrushyCreek_LakePark","BrushyCreek","HP","F","Left",28.7916666666667,15.2083333333333,15.2083333333333,"Left",NA,NA,1799.55,136.834,58.0952,NA
"Tobias","P. latipinna","BrushyCreek_LakePark","BrushyCreek","HP","M","Left",80.75,94.25,94.25,"Left",5.346,1.364,963.667,74.2024,300.678,53.46
"Tamra","P. latipinna","BrushyCreek_LakePark","BrushyCreek","HP","F","Right",63.7916666666667,12.2083333333333,12.2083333333333,"Right",NA,NA,NA,NA,NA,NA
"Theo","P. latipinna","BrushyCreek_LakePark","BrushyCreek","HP","M","Left",433.75,138.25,138.25,"Left",5.513,1.817,1932.57,55.6937,17.0749,55.13
"Tallulah","P. latipinna","BrushyCreek_LakePark","BrushyCreek","HP","F","Left",199.708333333333,40.2916666666666,40.2916666666666,"Left",4.669,1.486,2054.09,56.2274,81.7399,46.69
"Talia","P. latipinna","BrushyCreek_LakePark","BrushyCreek","HP","F","Left",134.75,80.25,80.25,"Left",3.873,1.035,1930.8,102.65,150.006,38.73
"Barrett","P. latipinna","BrushyCreek_LakePark","BrushyCreek","HP","M","Right",207.791666666667,23.2083333333334,23.2083333333334,"Left",NA,NA,1653.17,0,0.033349,NA
"Bella","P. latipinna","BrushyCreek_LakePark","BrushyCreek","HP","F","Left",61.7916666666667,420.208333333333,420.208333333333,"Left",3.639,1.107,1563.33,6.10299,0.03335,36.39
"Blaire","P. latipinna","BrushyCreek_LakePark","BrushyCreek","HP","F","Right",193.791666666667,30.2083333333334,30.2083333333334,"Left",NA,NA,NA,NA,NA,NA
"Bartholomeuw","P. latipinna","BrushyCreek_LakePark","BrushyCreek","HP","M","Right",23.7916666666667,215.208333333333,215.208333333333,"Left",NA,NA,NA,NA,NA,NA
"Alaisa","P. latipinna","BrushyCreek_LakePark","BrushyCreek","HP","F","n/a",NA,NA,NA,"n/a",5.629,1.777,21.2272,0,0,56.29
"Ali","P. latipinna","BrushyCreek_LakePark","BrushyCreek","HP","M","Right",116.458333333333,29.5416666666667,29.5416666666667,"Left",2.754,0.77,388.364,429.479,1.20059,27.54
"America","P. latipinna","BrushyCreek_LakePark","BrushyCreek","HP","F","Right",441.5,NA,600,"n/a",5.388,1.442,157.861,0,19.5095,53.88
"Alora","P. latipinna","BrushyCreek_LakePark","BrushyCreek","HP","F","Right",244.583333333333,NA,600,"n/a",4.107,1.21,1721.45,61.9969,17.175,41.07
"Bella2","P. latipinna","BrushyCreek_LakePark","BrushyCreek","HP","F","Left",121.833333333333,22.1666666666667,22.1666666666667,"Left",NA,NA,NA,NA,NA,NA
"Bo","P. latipinna","BrushyCreek_LakePark","BrushyCreek","HP","M","Left",139.625,17.375,17.375,"Left",4.078,1.2,1943.43,100.514,133.663,40.78
"Alec","P. latipinna","BrushyCreek_LakePark","BrushyCreek","HP","M","Right",42.625,147.375,147.375,"Left",3.675,1.153,1222.24,194.962,72.7355,36.75
"Brooke","P. latipinna","BrushyCreek_LakePark","BrushyCreek","HP","F","Left",17.625,75.375,75.375,"Left",NA,NA,2560.6,142.97,136.567,NA
"Behemoth","P. latipinna","BrushyCreek_LakePark","BrushyCreek","HP","F","Right",314.708333333333,34.2916666666667,34.2916666666667,"Left",NA,NA,1667.3,347.97,113.022,NA
"Brooklyn","P. latipinna","BrushyCreek_LakePark","BrushyCreek","HP","F","Left",12.75,343.25,343.25,"Left",NA,NA,1955.79,125.895,31.4155,NA
"Daphne","P. latipinna","BrushyCreek_LakePark","BrushyCreek","HP","F","Right",53.7916666666667,166.208333333333,166.208333333333,"Left",2.886,0.864,1453.34,121.66,149.207,28.86
"Nolan","P. latipinna","BrushyCreek_LakePark","BrushyCreek","HP","M","Right",52.7083333333333,76.2916666666667,76.2916666666667,"Left",NA,NA,NA,NA,NA,NA
"Dakota","P. latipinna","BrushyCreek_LakePark","BrushyCreek","HP","F","Left",42.75,281.25,281.25,"Left",3.28,1.01,271.522,27.3467,24.8788,32.8
"Daisy","P. latipinna","BrushyCreek_LakePark","BrushyCreek","HP","F","Right",11.7083333333333,113.291666666667,113.291666666667,"Left",3.968,1.155,1053.55,211.637,89.4103,39.68
"Diana","P. latipinna","BrushyCreek_LakePark","BrushyCreek","HP","F","Right",11.7916666666667,61.2083333333333,61.2083333333333,"Right",2.938,0.879,1211.34,114.69,170.818,29.38
"Tamara","P. latipinna","BrushyCreek_LakePark","BrushyCreek","HP","F","Right",NA,76,76,"Right",4.776,1.471,2445.66,171.517,237.683,47.76
"Devon","P. latipinna","BrushyCreek_LakePark","BrushyCreek","HP","M","Left",52.7083333333333,76.2916666666667,76.2916666666667,"Left",4.453,1.344,1741.94,138.667,60.3626,44.53
"Blair","P. latipinna","BrushyCreek_LakePark","BrushyCreek","HP","F","Right",194.75,29.25,29.25,"Left",NA,NA,119.049,0,215.139,NA
"Bartholomew","P. latipinna","BrushyCreek_LakePark","BrushyCreek","HP","M","Right",22.75,217.25,217.25,"Left",NA,NA,1457.49,153.575,98.7151,NA
"Noble","G. affinis","Martindale","SanMarcosRiver","HP","M","Left",NA,72,72,"Left",2.331,0.486,1222.58,116.879,2.04104,23.31
"Lion","G. affinis","Martindale","SanMarcosRiver","HP","M","Left",47.8333333333333,117.166666666667,117.166666666667,"Left",2.329,0.5,NA,NA,NA,23.29
"Luis","G. affinis","Martindale","SanMarcosRiver","HP","M","Left",37.8333333333333,239.166666666667,239.166666666667,"Right",2.331,0.557,711.844,8.48297,1.18845,23.31
"Luther","G. affinis","Martindale","SanMarcosRiver","HP","M","Right",11.8333333333333,NA,600,"n/a",2.046,0.359,1113.35,67.0233,1.85878,20.46
"Lexer","G. affinis","Martindale","SanMarcosRiver","HP","M","Right",29.8333333333333,133.166666666667,133.166666666667,"Left",2.194,0.486,1313.29,62.3793,2.23037,21.94
"Liam","G. affinis","Martindale","SanMarcosRiver","HP","M","Left",31.8333333333333,31.1666666666667,31.1666666666667,"Right",2.411,0.477,1986.04,113.56,3.34592,24.11
"Nickie","G. affinis","Martindale","SanMarcosRiver","HP","F","Right",8.83333333333333,18.1666666666667,18.1666666666667,"Right",2.729,0.518,3863.35,148.812,6.45001,27.29
"Noelle","G. affinis","Martindale","SanMarcosRiver","HP","F","Left",104.875,296.125,296.125,"Left",3.398,0.75,1161.68,122.282,2.0058,33.98
"Natasha","G. affinis","Martindale","SanMarcosRiver","HP","F","Right",97.8333333333333,436.166666666667,436.166666666667,"Left",3.095,0.66,NA,NA,NA,30.95
"Natalie","G. affinis","Martindale","SanMarcosRiver","HP","F","Left",59.875,NA,600,"n/a",3.035,0.671,2498.92,104.476,4.17204,30.35
"Nina","G. affinis","Martindale","SanMarcosRiver","HP","F","Left",65.875,206.125,206.125,"Left",3.595,0.74,1779.24,192.855,3.19824,35.95
"Nicole","G. affinis","Martindale","SanMarcosRiver","HP","F","Left",27.8333333333333,33.1666666666667,33.1666666666667,"Left",2.899,0.551,1392.29,337.799,2.32446,28.99
"Lexi","G. affinis","Martindale","SanMarcosRiver","HP","F","Right",27.8333333333333,NA,600,"n/a",3.194,0.736,1240.76,43.1751,2.0719,31.94
"Lavendar","G. affinis","Martindale","SanMarcosRiver","HP","F","Left",90.8333333333333,177.166666666667,177.166666666667,"Left",NA,NA,1885.99,193.908,3.18597,NA
"Laura","G. affinis","Martindale","SanMarcosRiver","HP","F","Right",25.875,527.125,527.125,"Right",3.092,0.672,1615.93,86.3452,2.70668,30.92
"Nadia","G. affinis","Martindale","SanMarcosRiver","HP","F","Left",70.875,78.125,78.125,"Left",2.477,0.639,1868.08,104.356,3.11884,24.77
"Leah","G. affinis","Martindale","SanMarcosRiver","HP","F","Left",23.8333333333333,NA,600,"n/a",3.173,0.705,1905.94,122.763,3.18204,31.73
"Lila","G. affinis","Martindale","SanMarcosRiver","HP","F","Right",48.8333333333333,214.166666666667,214.166666666667,"Right",2.877,0.676,2420.9,98.3939,4.0418,28.77
"Noe","G. affinis","Martindale","SanMarcosRiver","HP","F","Right",455.791666666667,NA,600,"n/a",3.183,0.655,1168.66,172.7,1.95112,31.83
"Nellie","G. affinis","Martindale","SanMarcosRiver","HP","F","Left",198.833333333333,91.1666666666667,91.1666666666667,"Left",NA,NA,NA,NA,NA,NA
"Wifey","G. affinis","Martindale","SanMarcosRiver","HP","F","Left",5.91666666666667,55.0833333333333,55.0833333333333,"Right",3.267,0.793,2686.49,236.601,157.294,32.67
"Wonca","G. affinis","Martindale","SanMarcosRiver","HP","F","Right",10.875,63.125,63.125,NA,2.608,0.561,1713.15,180.503,289.781,26.08
"Wallace","G. affinis","Martindale","SanMarcosRiver","HP","M","Right",12.875,388.125,388.125,"Right",1.902,0.364,1277.23,186.534,124.996,19.02
"Wallow","G. affinis","Martindale","SanMarcosRiver","HP","M","Right",24.875,76.125,76.125,"Left",1.763,0.388,1471.44,27.5696,180.383,17.63
"Wince","G. affinis","Martindale","SanMarcosRiver","HP","M","Left",11.875,103.125,103.125,"Left",1.823,0.39,1520.82,129.725,207.072,18.23
"William","G. affinis","Martindale","SanMarcosRiver","HP","M","Right",43.7916666666667,165.208333333333,165.208333333333,"Left",2.236,0.437,1756.93,175.942,85.4299,22.36
"Voyd","G. affinis","Martindale","SanMarcosRiver","HP","M","Right",11.8333333333333,184.166666666667,184.166666666667,"Right",2.06,0.456,1531.52,56.5399,486.291,20.6
"Vlad","G. affinis","Martindale","SanMarcosRiver","HP","M","Left",6.875,129.125,129.125,"Right",2.544,0.602,2426.7,63.1383,395.075,25.44
"Viscous","G. affinis","Martindale","SanMarcosRiver","HP","M","Right",93.875,366.125,366.125,"Left",1.896,0.379,1228.31,114.4,141.289,18.96
"Virulent","G. affinis","Martindale","SanMarcosRiver","HP","M","Left",7.875,125.125,125.125,"Right",2.144,0.409,1407.97,178.302,323.152,21.44
"Vivi","G. affinis","Martindale","SanMarcosRiver","HP","F","Left",15.875,235.125,235.125,"Right",4.653,1.211,1179.58,192.187,30.0505,46.53
"Vile","G. affinis","Martindale","SanMarcosRiver","HP","M","Left",9.875,170.125,170.125,"Left",2.118,0.4,1327.1,116.881,318.471,21.18
"Virna","G. affinis","Martindale","SanMarcosRiver","HP","F","Left",67.875,121.125,121.125,"Right",3.612,0.857,2089.59,77.707,328.994,36.12
"Viral","G. affinis","Martindale","SanMarcosRiver","HP","F","Left",6.83333333333333,381.166666666667,381.166666666667,"Left",3.406,0.809,1709.74,130.005,143.05,34.06
"Veronica","G. affinis","Martindale","SanMarcosRiver","HP","F","Left",12.8333333333333,518.166666666667,518.166666666667,"Right",2.945,0.741,1181.22,95.3131,315.95,29.45
"Vecna","G. affinis","Martindale","SanMarcosRiver","HP","F","Right",23.875,131.125,131.125,"Left",3.358,0.789,1653.61,65.663,207.833,33.58
"Rosco","G. affinis","Martindale","SanMarcosRiver","HP","M","Left",15.8333333333333,14.1666666666667,14.1666666666667,"Right",2.39,0.557,2107.62,172.66,3.51873,23.9
"Roofus","G. affinis","Martindale","SanMarcosRiver","HP","M","Right",44.8333333333333,134.166666666667,134.166666666667,"Left",2.832,0.584,1603.63,103.837,2.67731,28.32
"Ronald","G. affinis","Martindale","SanMarcosRiver","HP","M","Left",8.83333333333333,52.1666666666667,52.1666666666667,"Left",2.103,0.418,730.754,86.5101,1.22002,21.03
"Rob","G. affinis","Martindale","SanMarcosRiver","HP","M","Left",50.8333333333333,55.1666666666667,55.1666666666667,"Right",2.307,0.491,404.668,9.88346,0.675608,23.07
"Rico","G. affinis","Martindale","SanMarcosRiver","HP","M","Left",14.8333333333333,79.1666666666667,79.1666666666667,"Right",2.486,0.502,1154.95,101.516,2.00496,24.86
"Rhino","G. affinis","Martindale","SanMarcosRiver","HP","M","Left",19.8333333333333,45.1666666666667,45.1666666666667,"Left",2.323,0.451,2041.97,164.767,3.57611,23.23
"Raul","G. affinis","Martindale","SanMarcosRiver","HP","M","Left",12.8333333333333,131.166666666667,131.166666666667,"Right",2.625,0.524,1391.31,109.998,2.32378,26.25
"Tam","P. latipinna","Martindale","SanMarcosRiver","HP","M","Left",122.833333333333,133.166666666667,133.166666666667,"Left",3.452,1.066,805.309,275.368,37.2183,34.52
"Tom","P. latipinna","Martindale","SanMarcosRiver","HP","M","n/a",NA,NA,NA,"n/a",4.49,1.477,184.132,0,0,44.9
"Tammy","P. latipinna","Martindale","SanMarcosRiver","HP","F","Left",499.833333333333,NA,600,"n/a",5.314,1.695,805.034,207.101,50.2245,53.14
"Umar","P. latipinna","Martindale","SanMarcosRiver","HP","M","Right",162.75,266.25,266.25,"Left",3.483,1.042,NA,NA,NA,34.83
"Ulysses","P. latipinna","Martindale","SanMarcosRiver","HP","M","Left",213.791666666667,177.208333333333,177.208333333333,"Left",5.884,1.782,NA,NA,NA,58.84
"Uriel","P. latipinna","Martindale","SanMarcosRiver","HP","M","Right",68.75,150.25,150.25,"Left",3.017,0.977,NA,NA,NA,30.17
"Ulrich","P. latipinna","Martindale","SanMarcosRiver","HP","M","Right",22.7916666666667,141.208333333333,141.208333333333,"Left",3.12,0.865,NA,NA,NA,31.2
"Twila","P. latipinna","Martindale","SanMarcosRiver","HP","F","Left",32.7916666666667,112.208333333333,112.208333333333,"Right",3.455,1.052,1413.6,139.035,161.579,34.55
"Tommy","P. latipinna","Martindale","SanMarcosRiver","HP","M","Right",121.791666666667,151.208333333333,151.208333333333,"Right",3.636,1.229,1123.86,212.838,72.0689,36.36
"Tina","P. latipinna","Martindale","SanMarcosRiver","HP","F","Left",115.75,125.25,125.25,"Left",4.079,1.184,351.333,86.4093,9.17119,40.79
"Thad","P. latipinna","Martindale","SanMarcosRiver","HP","M","Right",45.7083333333333,167.291666666667,167.291666666667,"Left",3.463,1.133,964.931,11.2722,426.675,34.63
"Ugo","P. latipinna","Martindale","SanMarcosRiver","HP","M","Right",45.8333333333333,222.166666666667,222.166666666667,"Left",3.52,1.044,NA,NA,NA,35.2
"Steve","P. latipinna","Martindale","SanMarcosRiver","HP","M","Left",170.791666666667,123.208333333333,123.208333333333,"Left",5.351,1.554,NA,NA,NA,53.51
"Stark","P. latipinna","Martindale","SanMarcosRiver","HP","M","Left",447.833333333333,157.166666666667,157.166666666667,"Right",3.086,0.946,NA,NA,NA,30.86
"Saul","P. latipinna","Martindale","SanMarcosRiver","HP","M","Right",170.708333333333,109.291666666667,109.291666666667,"Left",2.941,0.913,NA,NA,NA,29.41
"Sam","P. latipinna","Martindale","SanMarcosRiver","HP","M","n/a",NA,NA,NA,"n/a",5.517,1.731,NA,NA,NA,55.17
"Noah","P. latipinna","Martindale","SanMarcosRiver","HP","M","Right",101.791666666667,36.2083333333333,36.2083333333333,"Right",3.063,0.874,860.545,153.573,1.43671,30.63
"Nico","P. latipinna","Martindale","SanMarcosRiver","HP","M","Right",3.83333333333333,245.166666666667,245.166666666667,"Left",2.82,0.792,1583.15,28.0898,2.64312,28.2
"Neil","P. latipinna","Martindale","SanMarcosRiver","HP","M","Left",102.791666666667,72.2083333333333,72.2083333333333,"Left",3.029,0.771,17.5943,599.01,0.029374,30.29
"Nathan","P. latipinna","Martindale","SanMarcosRiver","HP","M","Left",11.8333333333333,11.1666666666667,11.1666666666667,"Left",2.93,0.878,778.998,323.233,1.30056,29.3
"Nash","P. latipinna","Martindale","SanMarcosRiver","HP","M","Left",127.791666666667,308.208333333333,308.208333333333,"Left",3.131,0.875,558.111,599.005,0.931792,31.31
"Morales","P. latipinna","Martindale","SanMarcosRiver","HP","M","Right",36.8333333333333,131.166666666667,131.166666666667,"Right",3.122,0.976,861.45,73.6654,1.43823,31.22
"Momo","P. latipinna","Martindale","SanMarcosRiver","HP","M","Left",242.75,9.24999999999997,9.24999999999997,"Left",NA,NA,NA,NA,NA,NA
"Matthew","P. latipinna","Martindale","SanMarcosRiver","HP","M","Left",176.75,49.25,49.25,"Left",2.803,0.8,288.996,456.476,0.482847,28.03
"Milan","P. latipinna","Martindale","SanMarcosRiver","HP","M","Left",128.791666666667,69.2083333333334,69.2083333333334,"Left",2.978,0.894,281.335,547.83,0.469699,29.78
"Kumba","P. latipinna","Martindale","SanMarcosRiver","HP","M","Left",71.8333333333333,250.166666666667,250.166666666667,"Right",3.477,1.103,657.528,87.4306,1.09777,34.77
"Kilo","P. latipinna","Martindale","SanMarcosRiver","HP","M","Left",480.833333333333,32.1666666666666,32.1666666666666,"Left",5.441,1.729,700.96,61.5015,1.17028,54.41
"Kevin","P. latipinna","Martindale","SanMarcosRiver","HP","M","n/a",NA,NA,NA,"n/a",5.497,1.747,567.203,304.827,0.950967,54.97
"Kart","P. latipinna","Martindale","SanMarcosRiver","HP","M","Right",21.8333333333333,70.1666666666667,70.1666666666667,"Right",2.928,0.872,1324.5,27.3295,2.2113,29.28
"Karl","P. latipinna","Martindale","SanMarcosRiver","HP","M","Right",8.83333333333333,340.166666666667,340.166666666667,"Left",3.416,1.055,938.701,99.8352,1.56719,34.16
"Noel","P. latipinna","Martindale","SanMarcosRiver","HP","F","Right",454.791666666667,174.208333333333,174.208333333333,"Left",3.596,0.812,436.897,522.503,0.795874,35.96
"Sora","P. latipinna","Martindale","SanMarcosRiver","HP","F","Right",295.791666666667,167.208333333333,167.208333333333,"Left",4.896,1.363,NA,NA,NA,48.96
"Sammy","P. latipinna","Martindale","SanMarcosRiver","HP","F","n/a",NA,NA,NA,"n/a",4.275,1.313,NA,NA,NA,42.75
"Norah","P. latipinna","Martindale","SanMarcosRiver","HP","F","n/a",NA,NA,NA,"n/a",4.574,1.264,39.4996,599.008,0.065946,45.74
"Sara","P. latipinna","Martindale","SanMarcosRiver","HP","F","Left",67.75,117.25,117.25,"Left",2.788,0.84,NA,NA,NA,27.88
"Nike","P. latipinna","Martindale","SanMarcosRiver","HP","F","Right",451.791666666667,NA,600,"Left",4.162,1.399,660.236,417.88,1.10228,41.62
"Nara","P. latipinna","Martindale","SanMarcosRiver","HP","F","Left",232.791666666667,NA,600,"n/a",4.019,1.024,758.846,433.391,1.26692,40.19
"Naomi","P. latipinna","Martindale","SanMarcosRiver","HP","F","Right",418.791666666667,116.208333333333,116.208333333333,"Right",4.899,1.756,987.352,165.378,1.64842,48.99
"Molly","P. latipinna","Martindale","SanMarcosRiver","HP","F","Left",60.7916666666667,71.2083333333333,71.2083333333333,"Left",3.789,1.292,581.369,474.245,0.970617,37.89
"Melinda","P. latipinna","Martindale","SanMarcosRiver","HP","F","Left",75.8333333333333,132.166666666667,132.166666666667,"Left",3.826,1.2,1038.1,199.469,1.73315,38.26
"Merida","P. latipinna","Martindale","SanMarcosRiver","HP","F","Left",148.833333333333,118.166666666667,118.166666666667,"Left",4.306,1.069,563.097,125.043,0.961438,43.06
"Mary","P. latipinna","Martindale","SanMarcosRiver","HP","F","n/a",NA,NA,NA,"n/a",3.077,0.892,270.605,599.008,0.451786,30.77
"Malia","P. latipinna","Martindale","SanMarcosRiver","HP","F","Left",57.8333333333333,55.1666666666667,55.1666666666667,"Left",3.752,0.949,611.994,377.293,1.03181,37.52
"Koral","P. latipinna","Martindale","SanMarcosRiver","HP","F","Left",47.8333333333333,13.1666666666667,13.1666666666667,"Left",5.251,1.605,860.231,92.5866,1.43618,52.51
"Koko","P. latipinna","Martindale","SanMarcosRiver","HP","F","n/a",NA,NA,NA,"n/a",5.958,1.956,38.5079,599.01,0.06429,59.58
"Kierra","P. latipinna","Martindale","SanMarcosRiver","HP","F","Left",570.833333333333,NA,NA,"n/a",4.963,1.455,488.422,67.8237,0.82732,49.63
"Klara","P. latipinna","Martindale","SanMarcosRiver","HP","F","n/a",NA,NA,NA,"n/a",5.677,1.83,97.7163,1.56055,0.176653,56.77
"Kayla","P. latipinna","Martindale","SanMarcosRiver","HP","F","Left",367.875,NA,NA,"n/a",5.632,1.895,94.2463,596.13,0.158108,56.32
"Olivander","P. latipinna","Martindale","SanMarcosRiver","HP","M","n/a",NA,NA,NA,"n/a",4.509,1.322,340.355,303.065,0.568235,45.09
"Oceana","P. latipinna","Martindale","SanMarcosRiver","HP","F","n/a",NA,NA,NA,"n/a",NA,NA,NA,NA,NA,NA
"Odette","P. latipinna","Martindale","SanMarcosRiver","HP","F","Left",94.7916666666667,21.2083333333333,21.2083333333333,"Left",4.548,1.312,228.873,259.286,0.382093,45.48
"Olivia","P. latipinna","Martindale","SanMarcosRiver","HP","F","Left",285.833333333333,166.166666666667,166.166666666667,"Left",4.083,1.192,873.892,478.24,1.45901,40.83
"Todd","P. latipinna","Martindale","SanMarcosRiver","HP","M","n/a",NA,NA,NA,"n/a",2.955,0.854,22.352,595.807,0.037518,29.55
"Terry","P. latipinna","Martindale","SanMarcosRiver","HP","M","n/a",NA,NA,NA,"n/a",3.147,1.014,333.878,16.1648,0.557415,31.47
"Pablo","P. latipinna","Martindale","SanMarcosRiver","HP","M","Left",268.833333333333,NA,NA,"n/a",3.557,1.18,286.113,599.008,0.477677,35.57
"Peter","P. latipinna","Martindale","SanMarcosRiver","HP","M","Right",339.791666666667,48.2083333333333,48.2083333333333,"Left",4.882,1.541,896.716,286.299,1.4971,48.82
"Penny","P. latipinna","Martindale","SanMarcosRiver","HP","F","Left",194.791666666667,289.208333333333,289.208333333333,"Left",3.577,0.806,254.598,308.268,0.436431,35.77
"Marissa","G. affinis","PurgatoryCreek","SanMarcosRiver","LP","F","Left",115.791666666667,NA,600,"n/a",3.149,0.667,NA,NA,NA,31.49
"Maude","G. affinis","PurgatoryCreek","SanMarcosRiver","LP","F","Right",8.83333333333334,34.1666666666667,34.1666666666667,"Right",2.337,0.554,NA,NA,NA,23.37
"Minnie","G. affinis","PurgatoryCreek","SanMarcosRiver","LP","F","Right",12.7916666666667,12.2083333333333,12.2083333333333,"Right",2.621,0.539,NA,NA,NA,26.21
"Mildred","G. affinis","PurgatoryCreek","SanMarcosRiver","LP","F","Left",NA,13,13,"Left",2.428,0.602,NA,NA,NA,24.28
"Michael","G. affinis","PurgatoryCreek","SanMarcosRiver","LP","M","Left",7.66666666666667,378.333333333333,378.333333333333,"Left",1.898,0.429,NA,NA,NA,18.98
"Lincoln","G. affinis","PurgatoryCreek","SanMarcosRiver","LP","M","Right",27.7083333333333,NA,600,"n/a",2.233,0.504,NA,NA,NA,22.33
"Levi","G. affinis","PurgatoryCreek","SanMarcosRiver","LP","M","Right",10.8333333333333,19.1666666666667,19.1666666666667,"Left",2.317,0.503,NA,NA,NA,23.17
"Maeve","G. affinis","PurgatoryCreek","SanMarcosRiver","LP","F","Right",56.7916666666667,57.2083333333333,57.2083333333333,"Left",3.262,0.681,2365.22,300.103,230.199,32.62
"Liam","G. affinis","PurgatoryCreek","SanMarcosRiver","LP","M","Right",6.70833333333333,264.291666666667,264.291666666667,"Right",1.858,0.406,NA,NA,NA,18.58
"Lawrence","G. affinis","PurgatoryCreek","SanMarcosRiver","LP","M","Right",33.75,134.25,134.25,"Left",2.175,0.478,NA,NA,NA,21.75
"Lucille","G. affinis","PurgatoryCreek","SanMarcosRiver","LP","F","Left",12.7083333333333,NA,600,"n/a",2.641,0.585,NA,NA,NA,26.41
"Leona","G. affinis","PurgatoryCreek","SanMarcosRiver","LP","F","Right",3.70833333333333,NA,600,"n/a",2.475,0.552,NA,NA,NA,24.75
"Leonardo","G. affinis","PurgatoryCreek","SanMarcosRiver","LP","M","Right",10.6666666666667,73.3333333333333,73.3333333333333,"Left",2.001,0.489,NA,NA,NA,20.01
"Hayden","G. affinis","PurgatoryCreek","SanMarcosRiver","LP","M","Right",8.79166666666667,512.208333333333,512.208333333333,"Left",NA,NA,4490.7,216.974,287.008,NA
"Humza","G. affinis","PurgatoryCreek","SanMarcosRiver","LP","M","Right",3.83333333333333,138.166666666667,138.166666666667,"Left",2.078,0.46,NA,NA,NA,20.78
"Harvey","G. affinis","PurgatoryCreek","SanMarcosRiver","LP","M","Right",14.875,43.125,43.125,"Left",NA,NA,NA,NA,NA,NA
"Hannah","G. affinis","PurgatoryCreek","SanMarcosRiver","LP","F","Right",1.875,27.125,27.125,"Left",2.167,0.514,NA,NA,NA,21.67
"Harry","G. affinis","PurgatoryCreek","SanMarcosRiver","LP","M","Left",50.8333333333333,76.1666666666667,76.1666666666667,"Left",2.259,0.432,NA,NA,NA,22.59
"Hera","G. affinis","PurgatoryCreek","SanMarcosRiver","LP","F","Right",21.875,NA,600,"n/a",2.406,0.59,NA,NA,NA,24.06
"Hailey","G. affinis","PurgatoryCreek","SanMarcosRiver","LP","F","Right",NA,36,36,"Right",2.617,0.495,NA,NA,NA,26.17
"Penelope","G. affinis","PurgatoryCreek","SanMarcosRiver","LP","F","Left",26.8333333333333,145.166666666667,145.166666666667,"Right",3.33,0.827,2233.86,160.046,187.76,33.3
"Patrick","G. affinis","PurgatoryCreek","SanMarcosRiver","LP","M","Right",NA,7,7,"Right",2.038,0.475,1485.52,139.902,333.997,20.38
"Pablo","G. affinis","PurgatoryCreek","SanMarcosRiver","LP","M","Right",5.75,NA,600,"n/a",2.215,0.472,1591.23,49.0909,388.859,22.15
"Phoebe","G. affinis","PurgatoryCreek","SanMarcosRiver","LP","F","Left",52.8333333333333,571.166666666667,571.166666666667,"Right",3.152,0.82,1762.8,111.689,209.471,31.52
"Russell","G. affinis","PurgatoryCreek","SanMarcosRiver","LP","M","Left",10.7916666666667,142.208333333333,142.208333333333,"Right",2.009,0.442,NA,NA,NA,20.09
"Quirl","G. affinis","PurgatoryCreek","SanMarcosRiver","LP","F","Right",11.8333333333333,66.1666666666667,66.1666666666667,"Left",2.319,0.623,1917.35,72.0689,263.697,23.19
"Quinta","G. affinis","PurgatoryCreek","SanMarcosRiver","LP","F","Right",9.79166666666667,NA,600,"n/a",2.619,0.703,1940.51,113.99,349.406,26.19
"Quavo","G. affinis","PurgatoryCreek","SanMarcosRiver","LP","M","Right",19.7083333333333,NA,600,"n/a",2.281,0.535,1320.02,17.7087,268.633,22.81
"Quinn","G. affinis","PurgatoryCreek","SanMarcosRiver","LP","M","Left",33.75,501.25,501.25,"Right",1.948,0.399,1213.12,171.252,15.9746,19.48
"Rae","G. affinis","PurgatoryCreek","SanMarcosRiver","LP","F","Left",4.83333333333333,255.166666666667,255.166666666667,"Left",2.504,0.588,2342.48,114.223,290.543,25.04
"River","G. affinis","PurgatoryCreek","SanMarcosRiver","LP","M","Left",22.875,208.125,208.125,"Right",1.885,0.401,1337.79,151.742,326.861,18.85
"Reese","G. affinis","PurgatoryCreek","SanMarcosRiver","LP","F","Right",18.7916666666667,61.2083333333333,61.2083333333333,"Left",3.065,0.777,NA,NA,NA,30.65
"Ruth","G. affinis","PurgatoryCreek","SanMarcosRiver","LP","F","Right",25.8333333333333,NA,NA,"n/a",2.611,0.592,NA,NA,NA,26.11
"Paris","G. affinis","PurgatoryCreek","SanMarcosRiver","LP","F","Right",17.8333333333333,137.166666666667,137.166666666667,"Left",2.577,0.607,1413.92,40.2531,390.025,25.77
"Peter","G. affinis","PurgatoryCreek","SanMarcosRiver","LP","M","Left",23.8333333333333,72.1666666666667,72.1666666666667,"Right",1.941,0.443,1637.55,53.9266,423.943,19.41
"Paulina","G. affinis","PurgatoryCreek","SanMarcosRiver","LP","F","Left",27.875,NA,NA,"n/a",2.485,0.594,2176.86,47.1231,483.571,24.85
"Queen","G. affinis","PurgatoryCreek","SanMarcosRiver","LP","F","Left",14.7916666666667,NA,NA,"n/a",2.11,0.514,1742.08,94.5467,359.678,21.1
"Quentin","G. affinis","PurgatoryCreek","SanMarcosRiver","LP","M","Left",18.7083333333333,NA,NA,"n/a",1.704,0.455,NA,NA,NA,17.04
"Quincy","G. affinis","PurgatoryCreek","SanMarcosRiver","LP","M","Right",23.8333333333333,190.166666666667,190.166666666667,"Right",2.09,0.479,1183.35,128.731,261.53,20.9
"Rhett","G. affinis","PurgatoryCreek","SanMarcosRiver","LP","M","Left",19.7083333333333,126.291666666667,126.291666666667,"Left",2.251,0.5,NA,NA,NA,22.51
"Rachel","G. affinis","PurgatoryCreek","SanMarcosRiver","LP","F","Right",101.833333333333,75.1666666666667,75.1666666666667,"Right",2.596,0.582,1013.31,29.6147,181.79,25.96
"Garth","P. latipinna","PurgatoryCreek","SanMarcosRiver","LP","M","Right",229.833333333333,NA,600,"n/a",3.17,0.972,164.724,10.7719,205.8,31.7
"Gary","P. latipinna","PurgatoryCreek","SanMarcosRiver","LP","M","Right",77.7916666666667,107.208333333333,107.208333333333,"Right",4.147,1.196,700.371,34.3501,19.8764,41.47
"Gothy","P. latipinna","PurgatoryCreek","SanMarcosRiver","LP","F","Right",584.791666666667,NA,600,"n/a",4.993,1.447,975.255,40.2195,26.7796,49.93
"Genta","P. latipinna","PurgatoryCreek","SanMarcosRiver","LP","F","Left",566.833333333333,NA,600,"n/a",4.824,1.404,1735.09,81.1729,82.6737,48.24
"Gabby","P. latipinna","PurgatoryCreek","SanMarcosRiver","LP","F","Left",587.791666666667,NA,600,"n/a",4.884,1.58,74.6145,0,5.40264,48.84
"Giant","P. latipinna","PurgatoryCreek","SanMarcosRiver","LP","F","Left",251.833333333333,289.166666666667,289.166666666667,"Right",2.7,0.762,592.661,113.084,278.291,27
"Freya","P. latipinna","PurgatoryCreek","SanMarcosRiver","LP","F","Left",60.8333333333333,154.166666666667,154.166666666667,"Right",4.637,1.527,1367.09,253.125,78.7055,46.37
"Fred","P. latipinna","PurgatoryCreek","SanMarcosRiver","LP","M","Left",438.75,NA,600,"n/a",3.473,0.966,51.1769,0,505.685,34.73
"Fletcher","P. latipinna","PurgatoryCreek","SanMarcosRiver","LP","M","Left",136.833333333333,100.166666666667,100.166666666667,"Right",5.271,1.674,1073.61,13.1064,137.534,52.71
"Francesca","P. latipinna","PurgatoryCreek","SanMarcosRiver","LP","F","n/a",NA,NA,NA,"n/a",5.374,1.646,14.9116,0,0,53.74
"Ford","P. latipinna","PurgatoryCreek","SanMarcosRiver","LP","M","Left",10.8333333333333,366.166666666667,366.166666666667,"Right",5.512,1.743,1039.62,106.386,126.962,55.12
"Francine","P. latipinna","PurgatoryCreek","SanMarcosRiver","LP","F","Left",28.875,31.125,31.125,"Left",4.905,1.551,1856.06,10.6386,273.267,49.05
"Flora","P. latipinna","PurgatoryCreek","SanMarcosRiver","LP","F","Left",5.79166666666667,15.2083333333333,15.2083333333333,"Left",3.267,0.964,1060.41,238.284,169.05,32.67
"Koral","P. latipinna","PurgatoryCreek","SanMarcosRiver","LP","F","Left",80.7916666666667,119.208333333333,119.208333333333,"Right",3.769,1.122,957.508,70.6013,170.384,37.69
"Klassy","P. latipinna","PurgatoryCreek","SanMarcosRiver","LP","F","Right",0.791666666666667,115.208333333333,115.208333333333,"Left",4.489,1.256,1477.96,7.63706,253.957,44.89
"Kassie","P. latipinna","PurgatoryCreek","SanMarcosRiver","LP","F","Right",295.75,NA,600,"n/a",5.294,1.484,230.992,0,105.151,52.94
"Kate","P. latipinna","PurgatoryCreek","SanMarcosRiver","LP","F","Left",85.7916666666667,28.2083333333333,28.2083333333333,"Left",4.599,1.28,822.808,205.135,100.016,45.99
"Kim","P. latipinna","PurgatoryCreek","SanMarcosRiver","LP","F","Left",38.7916666666667,77.2083333333333,77.2083333333333,"Left",3.927,1.131,1462.2,185.691,43.0543,39.27
"Julianna","P. latipinna","PurgatoryCreek","SanMarcosRiver","LP","F","Right",24.7916666666667,236.208333333333,236.208333333333,"Right",NA,NA,NA,NA,NA,NA
"Kathy","P. latipinna","PurgatoryCreek","SanMarcosRiver","LP","F","Right",38.8333333333333,49.1666666666667,49.1666666666667,"Left",3.81,1.121,1726.87,220.809,109.121,38.1
"Kyle","P. latipinna","PurgatoryCreek","SanMarcosRiver","LP","M","Left",77.7916666666667,88.2083333333333,88.2083333333333,"Left",3.017,0.876,1439.32,78.1383,233.748,30.17
"Jane","P. latipinna","PurgatoryCreek","SanMarcosRiver","LP","F","Left",261.75,353.25,353.25,"Left",4.203,1.28,NA,NA,NA,42.03
"Josephine","P. latipinna","PurgatoryCreek","SanMarcosRiver","LP","F","Right",101.833333333333,190.166666666667,190.166666666667,"Left",5.728,1.748,NA,NA,NA,57.28
"Joshua","P. latipinna","PurgatoryCreek","SanMarcosRiver","LP","M","Left",5.70833333333333,95.2916666666667,95.2916666666667,"Left",2.762,0.789,NA,NA,NA,27.62
"Jacqueline","P. latipinna","PurgatoryCreek","SanMarcosRiver","LP","F","Left",150.666666666667,93.3333333333333,93.3333333333333,"Left",4.668,1.384,NA,NA,NA,46.68
"Jace","P. latipinna","PurgatoryCreek","SanMarcosRiver","LP","M","Right",10.7916666666667,297.208333333333,297.208333333333,"Right",4.835,0.839,NA,NA,NA,48.35
"Garfield","P. latipinna","PurgatoryCreek","SanMarcosRiver","LP","M","Right",509.75,75.25,75.25,"Right",3.794,1.293,632.552,79.939,44.5551,37.94
"Oscar","P. latipinna","PurgatoryCreek","SanMarcosRiver","LP","M","Left",223.708333333333,42.2916666666666,42.2916666666666,"Right",3.905,1.208,NA,NA,NA,39.05
"Orca","P. latipinna","PurgatoryCreek","SanMarcosRiver","LP","F","Left",106.708333333333,119.291666666667,119.291666666667,"Left",3.161,0.907,NA,NA,NA,31.61
"Orlando","P. latipinna","PurgatoryCreek","SanMarcosRiver","LP","M","Left",45.75,194.25,194.25,"Right",4.437,1.262,NA,NA,NA,44.37
"Olaf","P. latipinna","PurgatoryCreek","SanMarcosRiver","LP","M","n/a",NA,NA,NA,"n/a",4.383,1.154,NA,NA,NA,43.83
"Octavio","P. latipinna","PurgatoryCreek","SanMarcosRiver","LP","M","Right",45.7916666666667,74.2083333333333,74.2083333333333,"Right",3.432,1.043,NA,NA,NA,34.32
"Nina","P. latipinna","PurgatoryCreek","SanMarcosRiver","LP","F","Right",153.833333333333,167.166666666667,167.166666666667,"Left",4.023,1.131,NA,NA,NA,40.23
"Nicholas","P. latipinna","PurgatoryCreek","SanMarcosRiver","LP","M","Left",142.791666666667,450.208333333333,450.208333333333,"Left",5.519,1.567,NA,NA,NA,55.19
"Nelson","P. latipinna","PurgatoryCreek","SanMarcosRiver","LP","M","Right",8.75,109.25,109.25,"Right",3.802,1.194,NA,NA,NA,38.02
"Nate","P. latipinna","PurgatoryCreek","SanMarcosRiver","LP","M","Right",26.75,136.25,136.25,"Right",5.182,1.436,NA,NA,NA,51.82
"Nicole","P. latipinna","PurgatoryCreek","SanMarcosRiver","LP","F","Left",231.833333333333,257.166666666667,257.166666666667,"Right",4.832,1.22,NA,NA,NA,48.32
"Nancy","P. latipinna","PurgatoryCreek","SanMarcosRiver","LP","F","Right",45.75,189.25,189.25,"Left",3.484,0.935,NA,NA,NA,34.84
"Odessa","P. latipinna","PurgatoryCreek","SanMarcosRiver","LP","F","Left",27.7916666666667,12.2083333333333,12.2083333333333,"Left",4.985,1.431,NA,NA,NA,49.85
"Olivia","P. latipinna","PurgatoryCreek","SanMarcosRiver","LP","F","Left",73.75,259.25,259.25,"Left",4.837,1.473,NA,NA,NA,48.37
"Noel","P. latipinna","PurgatoryCreek","SanMarcosRiver","LP","M","Left",28.8333333333333,69.1666666666667,69.1666666666667,"Right",3.37,0.945,NA,NA,NA,33.7
"Gabby","G. affinis","Seguin_RVPark","GuadalupeRiver","HP","F","Left",13.7916666666667,NA,600,"n/a",3.805,0.826,1351.16,13.2838,227.785,38.05
"Gris","G. affinis","Seguin_RVPark","GuadalupeRiver","HP","F","Right",31.7916666666667,NA,600,"n/a",2.531,0.451,1884.8,118.836,321.857,25.31
"Felipe","G. affinis","Seguin_RVPark","GuadalupeRiver","HP","M","Left",49.7916666666667,373.208333333333,373.208333333333,"Right",2.184,0.442,682.333,396.299,0.920322,21.84
"Fabio","G. affinis","Seguin_RVPark","GuadalupeRiver","HP","M","Right",16.7916666666667,85.2083333333333,85.2083333333333,"Left",2.148,0.422,1878.82,187.546,273.056,21.48
"Gal","G. affinis","Seguin_RVPark","GuadalupeRiver","HP","F","Right",32.8333333333333,209.166666666667,209.166666666667,"Right",3.306,0.646,1776.64,117.554,297.727,33.06
"Glory","G. affinis","Seguin_RVPark","GuadalupeRiver","HP","F","Right",22.7916666666667,NA,600,"n/a",3.394,0.697,1876.12,52.0182,172.5,33.94
"Gia","G. affinis","Seguin_RVPark","GuadalupeRiver","HP","F","Right",25.8333333333333,48.1666666666667,48.1666666666667,"Left",3.78,0.696,1305.12,38.2134,238.603,37.8
"Gemma","G. affinis","Seguin_RVPark","GuadalupeRiver","HP","F","Left",16.75,516.25,516.25,"Right",2.301,0.611,NA,NA,NA,23.01
"Grace","G. affinis","Seguin_RVPark","GuadalupeRiver","HP","F","Right",61.7916666666667,NA,600,"n/a",2.315,0.54,1101.38,89.7512,215.435,23.15
"Garcia","G. affinis","Seguin_RVPark","GuadalupeRiver","HP","F","Right",3.79166666666667,27.2083333333333,27.2083333333333,"Right",3.402,0.63,1305.68,26.1691,230.44,34.02
"Gigi","G. affinis","Seguin_RVPark","GuadalupeRiver","HP","F","Right",2.83333333333333,139.166666666667,139.166666666667,"Right",3.032,0.633,2153.26,136.281,301.611,30.32
"Greta","G. affinis","Seguin_RVPark","GuadalupeRiver","HP","F","Right",13.7916666666667,513.208333333333,513.208333333333,"Left",2.865,0.525,1928.74,80.8675,323.03,28.65
"Idris","G. affinis","Seguin_RVPark","GuadalupeRiver","HP","M","Left",24.7916666666667,NA,600,"n/a",2.27,0.507,1498.87,77.8272,283.059,22.7
"Ira","G. affinis","Seguin_RVPark","GuadalupeRiver","HP","M","Right",6.79166666666667,NA,600,"n/a",2.674,0.579,2575.47,260.035,201.418,26.74
"Irving","G. affinis","Seguin_RVPark","GuadalupeRiver","HP","M","Left",5.75,NA,600,"n/a",2.099,0.515,2120.42,208.112,223.478,20.99
"Izaiah","G. affinis","Seguin_RVPark","GuadalupeRiver","HP","M","Left",10.75,114.25,114.25,"Left",2.038,0.436,NA,NA,NA,20.38
"Isla","G. affinis","Seguin_RVPark","GuadalupeRiver","HP","F","Left",15.7916666666667,NA,600,"n/a",3.751,0.709,2081.68,233.443,188.947,37.51
"Irene","G. affinis","Seguin_RVPark","GuadalupeRiver","HP","F","Right",5.79166666666667,34.2083333333333,34.2083333333333,"Right",3.343,0.661,2073.5,78.3474,242.245,33.43
"Ivy","G. affinis","Seguin_RVPark","GuadalupeRiver","HP","F","Right",11.8333333333333,NA,600,"n/a",3.002,0.641,1727.14,121.523,178.943,30.02
"Dill","G. affinis","Seguin_RVPark","GuadalupeRiver","HP","M","Left",22.9166666666667,NA,600,"n/a",2.387,0.512,1535.38,145.121,295.524,23.87
"Danny","G. affinis","Seguin_RVPark","GuadalupeRiver","HP","M","Right",55.875,178.125,178.125,"Right",2.285,0.524,929.162,253.768,156.534,22.85
"Dominic","G. affinis","Seguin_RVPark","GuadalupeRiver","HP","M","Left",49.875,140.125,140.125,"Right",2.492,0.749,1128.52,231.48,152.693,24.92
"Florence","G. affinis","Seguin_RVPark","GuadalupeRiver","HP","F","Left",15.7916666666667,99.2083333333333,99.2083333333333,"Left",2.65,0.568,1294.43,45.6561,180.824,26.5
"Flor","G. affinis","Seguin_RVPark","GuadalupeRiver","HP","F","Right",10.7916666666667,210.208333333333,210.208333333333,"Right",3.31,0.744,1561.77,83.8641,116.313,33.1
"Bryce","G. affinis","Seguin_RVPark","GuadalupeRiver","HP","M","L",45.8333333333333,NA,600,"n/a",2.194,0.48,1867.95,130.697,250.39,21.94
"Blanch","G. affinis","Seguin_RVPark","GuadalupeRiver","HP","M","L",23.875,111.125,111.125,"Right",2.295,0.556,1943.99,168.183,263.229,22.95
"Blake","G. affinis","Seguin_RVPark","GuadalupeRiver","HP","M","L",113.916666666667,222.083333333333,222.083333333333,"Right",2.283,0.568,1184.31,249.623,0.533596,22.83
"Fran","G. affinis","Seguin_RVPark","GuadalupeRiver","HP","F","L",36.75,460.25,460.25,"Right",2.751,0.549,1127.52,214.115,140.729,27.51
"Foxy","G. affinis","Seguin_RVPark","GuadalupeRiver","HP","F","L",40.7916666666667,NA,600,"n/a",3.236,0.71,1282.94,59.461,233.962,32.36
"Felicia","G. affinis","Seguin_RVPark","GuadalupeRiver","HP","F","L",49.75,466.25,466.25,"Right",3.636,0.876,1365.11,189.666,170.62,36.36
"Farkle","G. affinis","Seguin_RVPark","GuadalupeRiver","HP","F","L",58.8333333333333,NA,600,"n/a",3.53,0.688,1793.74,81.2284,215.755,35.3
"Fabi","G. affinis","Seguin_RVPark","GuadalupeRiver","HP","F","L",30.7916666666667,358.208333333333,358.208333333333,"Left",3.405,0.82,2127.46,127.637,147.643,34.05
"Diane","G. affinis","Seguin_RVPark","GuadalupeRiver","HP","F","R",64.8333333333333,100.166666666667,100.166666666667,"Right",3.028,0.787,1843.06,83.8289,215.994,30.28
"Didi","G. affinis","Seguin_RVPark","GuadalupeRiver","HP","F","R",49.875,192.125,192.125,"Right",3.8,1.094,1817.33,121.242,227.999,38
"Delilah","G. affinis","Seguin_RVPark","GuadalupeRiver","HP","F","L",63.9166666666667,303.083333333333,303.083333333333,"Left",2.943,0.668,2053.39,94.8727,239.122,29.43
"Bree","G. affinis","Seguin_RVPark","GuadalupeRiver","HP","F","L",31.7916666666667,190.208333333333,190.208333333333,"Right",3.26,0.965,1329.95,69.0007,237.05,32.6
"Bernice","G. affinis","Seguin_RVPark","GuadalupeRiver","HP","F","R",23.875,433.125,433.125,"Right",3.277,0.813,2124.78,254.291,239.083,32.77
"Bea","G. affinis","Seguin_RVPark","GuadalupeRiver","HP","F","n/a",NA,NA,NA,"n/a",3.764,1.024,1537.62,82.3738,0,37.64
"Eva","P. latipinna","Seguin_RVPark","GuadalupeRiver","HP","F","Left",106.708333333333,NA,600,"n/a",3.928,1.072,454.749,16.4458,97.3541,39.28
"Ellie","P. latipinna","Seguin_RVPark","GuadalupeRiver","HP","F","Right",139.666666666667,NA,600,"n/a",3.495,1.149,756.138,213.795,65.5029,34.95
"Emmy","P. latipinna","Seguin_RVPark","GuadalupeRiver","HP","F","Right",186.708333333333,300.291666666667,300.291666666667,"Left",3.771,1.017,24.7416,0,592.298,37.71
"Espe","P. latipinna","Seguin_RVPark","GuadalupeRiver","HP","F","n/a",579.75,NA,600,"n/a",4.541,1.23,676.217,134.199,35.8904,45.41
"Eloise","P. latipinna","Seguin_RVPark","GuadalupeRiver","HP","F","n/a",NA,NA,NA,"n/a",NA,NA,NA,NA,NA,NA
"Eliza","P. latipinna","Seguin_RVPark","GuadalupeRiver","HP","F","Left",25.75,NA,600,"Right",3.834,1.11,590.063,210.953,81.8284,38.34
"Elena","P. latipinna","Seguin_RVPark","GuadalupeRiver","HP","F","Left",356.75,NA,600,"n/a",4.409,1.298,697.743,61.5017,172.421,44.09
"Emily","P. latipinna","Seguin_RVPark","GuadalupeRiver","HP","F","Left",190.75,109.25,109.25,"Right",3.716,1.208,380.253,553.674,11.7241,37.16
"Emilio","P. latipinna","Seguin_RVPark","GuadalupeRiver","HP","M","Right",31.8333333333333,26.1666666666667,26.1666666666667,"Right",3.623,1.198,1247.55,26.8092,222.597,36.23
"Fran","P. latipinna","Seguin_RVPark","GuadalupeRiver","HP","F","Right",35.7083333333333,462.291666666667,462.291666666667,"Right",NA,NA,NA,NA,NA,NA
"Felicia","P. latipinna","Seguin_RVPark","GuadalupeRiver","HP","F","Left",49.7083333333333,467.291666666667,467.291666666667,"Right",NA,NA,NA,NA,NA,NA
"Flor","P. latipinna","Seguin_RVPark","GuadalupeRiver","HP","F","Right",10.7916666666667,211.208333333333,211.208333333333,"Right",NA,NA,NA,NA,NA,NA
"Foxy","P. latipinna","Seguin_RVPark","GuadalupeRiver","HP","F","Left",40.75,NA,600,"n/a",NA,NA,NA,NA,NA,NA
"Fabi","P. latipinna","Seguin_RVPark","GuadalupeRiver","HP","F","Left",31.7916666666667,357.208333333333,357.208333333333,"Left",NA,NA,NA,NA,NA,NA
"Florence","P. latipinna","Seguin_RVPark","GuadalupeRiver","HP","F","Left",15.7916666666667,98.2083333333333,98.2083333333333,"Left",NA,NA,NA,NA,NA,NA
"Farkle","P. latipinna","Seguin_RVPark","GuadalupeRiver","HP","F","Right",59.8333333333333,NA,600,"n/a",NA,NA,NA,NA,NA,NA
"Hick","P. latipinna","Seguin_RVPark","GuadalupeRiver","HP","M","Right",289.791666666667,NA,600,"n/a",3.668,1.053,605.843,57.22,89.5113,36.68
"Hill","P. latipinna","Seguin_RVPark","GuadalupeRiver","HP","M","Left",87.8333333333333,148.166666666667,148.166666666667,"Right",3.033,0.858,1932.66,238.112,53.8963,30.33
"Harp","P. latipinna","Seguin_RVPark","GuadalupeRiver","HP","M","Left",8.79166666666667,191.208333333333,191.208333333333,"Left",3.026,0.862,1383.74,109.839,220.998,30.26
"Heck","P. latipinna","Seguin_RVPark","GuadalupeRiver","HP","M","Left",21.75,138.25,138.25,"Right",2.631,0.76,1481.19,83.2691,434.872,26.31
"Hal","P. latipinna","Seguin_RVPark","GuadalupeRiver","HP","M","Left",128.791666666667,NA,600,"n/a",4.123,1.096,1359.24,43.4951,144.89,41.23
"Hector","P. latipinna","Seguin_RVPark","GuadalupeRiver","HP","M","Right",22.75,116.25,116.25,"Right",2.512,0.677,NA,NA,NA,25.12
"Ivan","P. latipinna","Seguin_RVPark","GuadalupeRiver","HP","M","Right",33.7916666666667,NA,600,"n/a",NA,NA,NA,NA,NA,NA
"Hazel","P. latipinna","Seguin_RVPark","GuadalupeRiver","HP","F","n/a",NA,NA,NA,"n/a",4.284,1.344,1001.91,19.3667,42.0546,42.84
"Hope","P. latipinna","Seguin_RVPark","GuadalupeRiver","HP","F","Left",156.791666666667,253.208333333333,253.208333333333,"Left",4.157,1.017,1525.24,57.7804,153.894,41.57
"Hillary","P. latipinna","Seguin_RVPark","GuadalupeRiver","HP","F","Left",340.791666666667,190.208333333333,190.208333333333,"Right",3.887,1.128,NA,NA,NA,38.87
"Hailey","P. latipinna","Seguin_RVPark","GuadalupeRiver","HP","F","Left",76.7916666666667,41.2083333333333,41.2083333333333,"Left",4.535,1.2,621.979,15.7255,403.941,45.35
"Juan","P. latipinna","Seguin_RVPark","GuadalupeRiver","HP","M","Right",102.791666666667,439.208333333333,439.208333333333,"Left",2.675,0.801,NA,NA,NA,26.75
"Joe","P. latipinna","Seguin_RVPark","GuadalupeRiver","HP","M","Left",149.75,104.25,104.25,"Left",2.925,0.815,1074.09,144.57,329.114,29.25
"Ingrid","P. latipinna","Seguin_RVPark","GuadalupeRiver","HP","F","Left",61.8333333333333,313.166666666667,313.166666666667,"Left",NA,NA,NA,NA,NA,NA
"Ivory","P. latipinna","Seguin_RVPark","GuadalupeRiver","HP","F","Left",75.7916666666667,247.208333333333,247.208333333333,"Left",NA,NA,NA,NA,NA,NA
"Julio","P. latipinna","Seguin_RVPark","GuadalupeRiver","HP","M","Left",25.75,147.25,147.25,"Left",2.952,0.888,NA,NA,NA,29.52
"Julian","P. latipinna","Seguin_RVPark","GuadalupeRiver","HP","M","Right",114.791666666667,NA,600,"n/a",3.016,0.85,NA,NA,NA,30.16
"Jonah","P. latipinna","Seguin_RVPark","GuadalupeRiver","HP","M","Right",165.791666666667,167.208333333333,167.208333333333,"Right",3.018,0.855,693.59,55.2593,141.169,30.18
"Juliet","P. latipinna","Seguin_RVPark","GuadalupeRiver","HP","F","n/a",NA,NA,NA,"n/a",3.299,0.949,1167.52,29.6904,294.183,32.99
"Jasmine","P. latipinna","Seguin_RVPark","GuadalupeRiver","HP","F","Left",59.7916666666667,228.208333333333,228.208333333333,"Left",NA,NA,1235.32,62.9017,213.834,NA
"Julissa","P. latipinna","Seguin_RVPark","GuadalupeRiver","HP","F","Left",124.791666666667,96.2083333333333,96.2083333333333,"Left",3.413,0.889,821.918,108.556,35.3318,34.13
"Julie","P. latipinna","Seguin_RVPark","GuadalupeRiver","HP","F","Left",14.7916666666667,155.208333333333,155.208333333333,"Right",3.455,1.105,1365.7,80.9433,345.859,34.55
"Jonas","P. latipinna","Seguin_RVPark","GuadalupeRiver","HP","M","Left",312.791666666667,NA,600,"n/a",2.745,0.726,545.185,0,108.918,27.45
"Alonso","P. latipinna","Seguin_RVPark","GuadalupeRiver","HP","M","Right",123.875,51.125,51.125,"Left",2.341,0.652,1197.9,72.9453,407.021,23.41
"Atlas","P. latipinna","Seguin_RVPark","GuadalupeRiver","HP","M","Left",162.875,179.125,179.125,"Left",3.194,0.991,344.261,65.539,111.752,31.94
"Akron","P. latipinna","Seguin_RVPark","GuadalupeRiver","HP","M","Left",51.8333333333333,305.166666666667,305.166666666667,"Left",2.779,0.834,792.059,74.5457,424.746,27.79
"Allen","P. latipinna","Seguin_RVPark","GuadalupeRiver","HP","M","Left",423.875,133.125,133.125,"Left",3.097,0.899,378.469,15.1653,384.053,30.97
"Autumn","P. latipinna","Seguin_RVPark","GuadalupeRiver","HP","F","Left",55.9166666666667,366.083333333333,366.083333333333,"Left",4.394,1.509,689.186,57.6574,14.4444,43.94
"Atwell","P. latipinna","Seguin_RVPark","GuadalupeRiver","HP","F","Left",55.875,NA,600,"n/a",4.197,1.444,470.251,13.8848,292.662,41.97
"Allee","P. latipinna","Seguin_RVPark","GuadalupeRiver","HP","F","Left",345.833333333333,125.166666666667,125.166666666667,"Left",4.079,1.394,425.824,0,335.674,40.79
"Rocky","G. affinis","Seguin_WalnutBranch","GuadalupeRiver","LP","M","Right",20.8333333333333,NA,600,"n/a",2.025,0.434,1932.22,87.8103,381.89,20.25
"Remy","G. affinis","Seguin_WalnutBranch","GuadalupeRiver","LP","M","Right",13.875,277.125,277.125,"Left",2.217,0.412,1140.91,54.3267,467.996,22.17
"Tom","G. affinis","Seguin_WalnutBranch","GuadalupeRiver","LP","M","Left",24.9166666666667,8.08333333333333,8.08333333333333,"Left",2.042,0.391,NA,NA,NA,20.42
"Percy","G. affinis","Seguin_WalnutBranch","GuadalupeRiver","LP","M","Right",8.875,NA,600,"n/a",2.175,0.538,1529.78,1.26729,504.381,21.75
"Parker","G. affinis","Seguin_WalnutBranch","GuadalupeRiver","LP","M","Left",15.875,585.125,585.125,"Left",2.325,0.525,NA,NA,NA,23.25
"Nico","G. affinis","Seguin_WalnutBranch","GuadalupeRiver","LP","M","Left",NA,25,25,"Left",2.318,0.572,1473.4,100.116,449.321,23.18
"Nick","G. affinis","Seguin_WalnutBranch","GuadalupeRiver","LP","M","Right",49.9166666666667,69.0833333333333,69.0833333333333,"Left",NA,NA,882.152,597.391,0,NA
"Namour","G. affinis","Seguin_WalnutBranch","GuadalupeRiver","LP","M","Left",13.9166666666667,68.0833333333333,68.0833333333333,"Left",NA,NA,NA,NA,NA,NA
"Nando","G. affinis","Seguin_WalnutBranch","GuadalupeRiver","LP","M","Right",24.9166666666667,NA,600,"n/a",2.143,0.463,2062.64,32.5159,369.78,21.43
"Luther","G. affinis","Seguin_WalnutBranch","GuadalupeRiver","LP","M","Right",24.7083333333333,281.291666666667,281.291666666667,"Left",NA,NA,2184.67,171.284,188.126,NA
"Lonzo","G. affinis","Seguin_WalnutBranch","GuadalupeRiver","LP","M","Right",33.875,195.125,195.125,"Left",NA,NA,1198.98,319.789,79.3387,NA
"Leo","G. affinis","Seguin_WalnutBranch","GuadalupeRiver","LP","M","Right",8.875,NA,600,"n/a",2.135,0.508,1457.07,173.552,173.652,21.35
"Liam","G. affinis","Seguin_WalnutBranch","GuadalupeRiver","LP","M","Left",19.9166666666667,66.0833333333333,66.0833333333333,"Left",1.975,0.461,NA,NA,NA,19.75
"Raul","G. affinis","Seguin_WalnutBranch","GuadalupeRiver","LP","M","Left",20.8333333333333,120.166666666667,120.166666666667,"Left",2.008,0.444,748.215,67.8666,163.614,20.08
"Axel","G. affinis","Seguin_WalnutBranch","GuadalupeRiver","LP","M","Right",24.7916666666667,30.2083333333333,30.2083333333333,"Right",2.019,0.428,1964.82,196.129,153.275,20.19
"Arthur","G. affinis","Seguin_WalnutBranch","GuadalupeRiver","LP","M","Right",37.625,30.375,30.375,"Left",2.249,0.48,1478.3,178.92,191.293,22.49
"Ramon","G. affinis","Seguin_WalnutBranch","GuadalupeRiver","LP","M","Right",26.8333333333333,NA,600,"n/a",2.222,0.395,1376.94,27.7803,318.323,22.22
"Peter","G. affinis","Seguin_WalnutBranch","GuadalupeRiver","LP","M","Right",29.875,NA,600,"n/a",2.04,0.482,797.856,0,175.853,20.4
"Preston","G. affinis","Seguin_WalnutBranch","GuadalupeRiver","LP","M","Left",135.875,NA,600,"n/a",2.074,0.417,1786.3,48.3572,183.124,20.74
"Trinity","G. affinis","Seguin_WalnutBranch","GuadalupeRiver","LP","F","Left",46.9166666666667,229.083333333333,229.083333333333,"Left",3.988,0.797,1614.91,158.878,108.22,39.88
"Archer","G. affinis","Seguin_WalnutBranch","GuadalupeRiver","LP","M","Left",25.6666666666667,47.3333333333333,47.3333333333333,"Right",2.508,0.501,1337.46,381.186,55.4937,25.08
"Anthony","G. affinis","Seguin_WalnutBranch","GuadalupeRiver","LP","M","Left",207.666666666667,NA,600,"n/a",2.153,0.43,2360.55,78.4051,211.637,21.53
"Talia","G. affinis","Seguin_WalnutBranch","GuadalupeRiver","LP","F","Right",11.7916666666667,278.208333333333,278.208333333333,"Left",3.502,0.667,1688.73,93.1126,31.082,35.02
"Rainey","G. affinis","Seguin_WalnutBranch","GuadalupeRiver","LP","F","Right",20.875,276.125,276.125,"Left",2.699,0.455,813.825,379.853,0,26.99
"Priscilla","G. affinis","Seguin_WalnutBranch","GuadalupeRiver","LP","F","Right",21.7916666666667,73.2083333333333,73.2083333333333,"Left",2.679,0.619,1400.2,197.598,168.016,26.79
"Rocio","G. affinis","Seguin_WalnutBranch","GuadalupeRiver","LP","F","Right",18.8333333333333,NA,600,"n/a",2.363,0.531,742.346,98.6151,225.911,23.63
"Rosa","G. affinis","Seguin_WalnutBranch","GuadalupeRiver","LP","F","Right",123.875,NA,600,"n/a",2.275,0.52,2046.7,157.478,170.317,22.75
"Perla","G. affinis","Seguin_WalnutBranch","GuadalupeRiver","LP","F","Left",26.8333333333333,285.166666666667,285.166666666667,"Left",3.08,0.75,1917.7,135.2,337.8,30.8
"Patty","G. affinis","Seguin_WalnutBranch","GuadalupeRiver","LP","F","Left",17.8333333333333,485.166666666667,485.166666666667,"Left",3.268,0.746,1016.27,5.90292,135.634,32.68
"Leana","G. affinis","Seguin_WalnutBranch","GuadalupeRiver","LP","F","Right",40.875,139.125,139.125,"Left",NA,NA,NA,NA,NA,NA
"Nia","G. affinis","Seguin_WalnutBranch","GuadalupeRiver","LP","F","Left",64.875,324.125,324.125,"Left",3.66,0.811,2214.44,64.6986,384.823,36.6
"Judy","G. affinis","Seguin_WalnutBranch","GuadalupeRiver","LP","F","Left",79.875,471.125,471.125,"Left",3.565,0.907,1139.27,189.459,105.085,35.65
"Natasha","G. affinis","Seguin_WalnutBranch","GuadalupeRiver","LP","F","Right",18.875,522.125,522.125,"Left",2.399,0.56,1349.38,119.492,252.024,23.99
"Lara","G. affinis","Seguin_WalnutBranch","GuadalupeRiver","LP","F","Right",25.875,239.125,239.125,"Left",3.495,0.957,1544.6,25.379,311.685,34.95
"Norma","G. affinis","Seguin_WalnutBranch","GuadalupeRiver","LP","F","Right",184.916666666667,36.0833333333333,36.0833333333333,"Right",3.807,1.062,1417.85,132.832,65.0655,38.07
"Jodie","G. affinis","Seguin_WalnutBranch","GuadalupeRiver","LP","F","Right",11.8333333333333,371.166666666667,371.166666666667,"Left",2.821,0.703,1606.21,146.606,288.909,28.21
"Tim","G. affinis","Seguin_WalnutBranch","GuadalupeRiver","LP","M","Right",31.8333333333333,206.166666666667,206.166666666667,"Left",1.944,0.433,NA,NA,NA,19.44
"Janice","G. affinis","Seguin_WalnutBranch","GuadalupeRiver","LP","F","Right",13.875,NA,600,"n/a",2.239,0.604,2510.16,80.9066,359.011,22.39
"Tara","G. affinis","Seguin_WalnutBranch","GuadalupeRiver","LP","F","Right",14.8333333333333,468.166666666667,468.166666666667,"Right",3.432,0.718,1827.06,307.92,183.591,34.32
"Jaelyn","G. affinis","Seguin_WalnutBranch","GuadalupeRiver","LP","F","Right",27.8333333333333,396.166666666667,396.166666666667,"Left",3.091,0.739,1895.92,134.666,314.021,30.91
"Tiffany","G. affinis","Seguin_WalnutBranch","GuadalupeRiver","LP","F","Left",24.8333333333333,461.166666666667,461.166666666667,"Left",3.266,0.525,1186,73.5361,93.6126,32.66
"Jacky","G. affinis","Seguin_WalnutBranch","GuadalupeRiver","LP","F","Left",42.8333333333333,33.1666666666667,33.1666666666667,"Left",2.838,0.698,2537.77,15.7078,464.163,28.38
"Tamara","G. affinis","Seguin_WalnutBranch","GuadalupeRiver","LP","F","Left",NA,22,22,"Left",2.43,0.509,910.9,121.093,232.015,24.3
"Liana","G. affinis","Seguin_WalnutBranch","GuadalupeRiver","LP","F","L",40.875,140.125,140.125,"Left",3.22,0.811,1588.25,77.8718,340.668,32.2
"Kaia","P. latipinna","Seguin_WalnutBranch","GuadalupeRiver","LP","F","Left",59.8333333333333,NA,600,"n/a",NA,NA,960.892,23.3668,336.177,NA
"Illiana","P. latipinna","Seguin_WalnutBranch","GuadalupeRiver","LP","F","Right",63.7916666666667,20.2083333333333,20.2083333333333,"Left",NA,NA,NA,NA,NA,NA
"Isla","P. latipinna","Seguin_WalnutBranch","GuadalupeRiver","LP","F","Right",3.875,316.125,316.125,"Left",3.482,1.052,1138.57,33.4515,329.114,34.82
"Kali","P. latipinna","Seguin_WalnutBranch","GuadalupeRiver","LP","F","Left",111.833333333333,NA,600,"n/a",3.368,0.978,583.703,117.361,39.6938,33.68
"Kavya","P. latipinna","Seguin_WalnutBranch","GuadalupeRiver","LP","F","Left",28.8333333333333,60,60,"Left",3.705,1.151,1557.44,97.154,208.873,37.05
"Mia","P. latipinna","Seguin_WalnutBranch","GuadalupeRiver","LP","F","Right",NA,NA,NA,NA,NA,NA,427.934,0,150.092,NA
"Kira","P. latipinna","Seguin_WalnutBranch","GuadalupeRiver","LP","F","Right",7.875,210.125,210.125,"Right",NA,NA,1500.69,108.078,247.127,NA
"Kalila","P. latipinna","Seguin_WalnutBranch","GuadalupeRiver","LP","F","Left",15.875,527.125,527.125,"Left",3.12,0.849,1390.69,53.5787,360.046,31.2
"Kamila","P. latipinna","Seguin_WalnutBranch","GuadalupeRiver","LP","F","Left",81.875,44.125,44.125,"Left",2.999,0.934,992.778,2.52088,409.543,29.99
"Ingrid","P. latipinna","Seguin_WalnutBranch","GuadalupeRiver","LP","F","Left",127.833333333333,437.166666666667,437.166666666667,"Left",2.94,0.981,1487.35,39.5737,260.651,29.4
"Olympia","P. latipinna","Seguin_WalnutBranch","GuadalupeRiver","LP","F","Right",108.875,111.125,111.125,"Left",3.453,1.034,2220.78,89.9512,342.479,34.53
"Queller","P. latipinna","Seguin_WalnutBranch","GuadalupeRiver","LP","F","Right",200.875,NA,600,"n/a",3.254,0.95,NA,NA,NA,32.54
"Martha","P. latipinna","Seguin_WalnutBranch","GuadalupeRiver","LP","F","Right",246.875,243.125,243.125,"Right",3.92,1.176,1505.55,88.4307,233.601,39.2
"Kylie","P. latipinna","Seguin_WalnutBranch","GuadalupeRiver","LP","F","Left",209.875,NA,600,"n/a",3.789,1.09,980.218,108.518,102.636,37.89
"Odette","P. latipinna","Seguin_WalnutBranch","GuadalupeRiver","LP","F","Left",3.83333333333333,302.166666666667,302.166666666667,"Left",3.404,1.053,1515.88,8.12231,459.411,34.04
"Megan","P. latipinna","Seguin_WalnutBranch","GuadalupeRiver","LP","F","Right",125.916666666667,NA,600,"n/a",NA,NA,448.11,74.7462,406.982,NA
"Odessa","P. latipinna","Seguin_WalnutBranch","GuadalupeRiver","LP","F","Right",10.9166666666667,NA,600,"n/a",4.154,1.45,1067.34,28.1697,386.373,41.54
"Quinn","P. latipinna","Seguin_WalnutBranch","GuadalupeRiver","LP","F","Right",3.79166666666667,466.208333333333,466.208333333333,"Left",3.794,1.196,NA,NA,NA,37.94
"Quetzal","P. latipinna","Seguin_WalnutBranch","GuadalupeRiver","LP","F","Right",38.875,205.125,205.125,"Left",3.544,1.088,1589.38,134.646,35.4922,35.44
"Sarai","P. latipinna","Seguin_WalnutBranch","GuadalupeRiver","LP","F","Left",42.7916666666667,503.208333333333,503.208333333333,"Left",3.676,1.149,709.509,37.7332,291.022,36.76
"Quest","P. latipinna","Seguin_WalnutBranch","GuadalupeRiver","LP","F","Left",93.8333333333333,NA,600,"n/a",3.517,1.033,1160.29,40.2538,352.681,35.17
"Sutton","P. latipinna","Seguin_WalnutBranch","GuadalupeRiver","LP","F","Right",53.875,361.125,361.125,"Left",3.903,1.288,973.326,79.5841,4.36132,39.03
"Shiloh","P. latipinna","Seguin_WalnutBranch","GuadalupeRiver","LP","F","Right",23.8333333333333,399.166666666667,399.166666666667,"Left",3.564,1.037,777.13,0.84024,422.64,35.64
"Serenity","P. latipinna","Seguin_WalnutBranch","GuadalupeRiver","LP","F","Right",46.8333333333333,NA,600,"n/a",4.409,1.335,NA,NA,NA,44.09
"Ira","P. latipinna","Seguin_WalnutBranch","GuadalupeRiver","LP","F","Right",112.875,213.125,213.125,"Left",2.539,0.758,801.339,119.681,269.612,25.39
"Mario","P. latipinna","Seguin_WalnutBranch","GuadalupeRiver","LP","M","Right",79.875,NA,600,"n/a",3.79,1.139,1242.4,132.078,58.8168,37.9
"Ivan","P. latipinna","Seguin_WalnutBranch","GuadalupeRiver","LP","M","Left",54.625,174.375,174.375,"Left",2.656,0.792,1109.07,35.4123,431.87,26.56
"Miguel","P. latipinna","Seguin_WalnutBranch","GuadalupeRiver","LP","M","Left",283.833333333333,NA,600,"n/a",3.707,1.267,909.642,0,340.198,37.07
"Marco","P. latipinna","Seguin_WalnutBranch","GuadalupeRiver","LP","M","Right",198.875,130.125,130.125,"Left",4.061,1.221,1070.27,14.485,388.375,40.61
"Opal","P. latipinna","Seguin_WalnutBranch","GuadalupeRiver","LP","M","Left",140.875,NA,600,"n/a",3.023,0.914,1124.62,92.2718,100.275,30.23
"Malcolm","P. latipinna","Seguin_WalnutBranch","GuadalupeRiver","LP","M","Right",122.791666666667,290.208333333333,290.208333333333,"Right",4.348,1.32,1534.05,114.199,168.218,43.48
"Orion","P. latipinna","Seguin_WalnutBranch","GuadalupeRiver","LP","M","Left",33.875,369.125,369.125,"Left",2.416,0.732,684.393,35.5323,292.502,24.16
"Ozzy","P. latipinna","Seguin_WalnutBranch","GuadalupeRiver","LP","M","Right",129.916666666667,NA,600,"n/a",3.079,0.952,1083.67,39.4535,376.849,30.79
"Qing","P. latipinna","Seguin_WalnutBranch","GuadalupeRiver","LP","M","Left",49.8333333333333,94.1666666666667,94.1666666666667,"Right",2.607,0.696,1164.21,70.3446,322.673,26.07
"Santiago","P. latipinna","Seguin_WalnutBranch","GuadalupeRiver","LP","M","Right",68.7916666666667,NA,600,"n/a",2.705,0.791,1165.14,175.261,152.293,27.05
"Qasim","P. latipinna","Seguin_WalnutBranch","GuadalupeRiver","LP","M","Left",5.83333333333333,9.16666666666667,9.16666666666667,"Left",2.443,0.732,NA,NA,NA,24.43
"Obadiah","P. latipinna","Seguin_WalnutBranch","GuadalupeRiver","LP","M","Right",50.8333333333333,444.166666666667,444.166666666667,"Left",3.088,0.911,497.504,276.095,104.916,30.88
"Quagmire","P. latipinna","Seguin_WalnutBranch","GuadalupeRiver","LP","M","Right",201.791666666667,191.208333333333,191.208333333333,"Left",NA,NA,NA,NA,NA,NA
"Spencer","P. latipinna","Seguin_WalnutBranch","GuadalupeRiver","LP","M","Left",4.83333333333333,353.166666666667,353.166666666667,"Left",2.939,0.834,1064.96,76.0264,48.977,29.39
"Silas","P. latipinna","Seguin_WalnutBranch","GuadalupeRiver","LP","M","Right",34.75,NA,600,"n/a",2.677,0.808,920.581,7.64266,408.622,26.77
